Company	Role / Position	Company Type	Funding / Stage	Tech Stack Match	Job URL / Careers Page	Application Status	Date Applied	Source / Platform	LinkedIn Company Page	HR / Recruiter Outreach Title	Suggested Outreach Channel	Follow-Up Date	Last Follow-Up	Response Received	Interview Stage	Interview Date	Notes	Salary Range (Monthly INR)	Salary Range (LPA)	Location	Work Mode	Priority	Cold Message Template ID
Cashfree Payments	Software Engineer - Backend (Go / Node.js)	Product-Based (Fintech & Payments)	Unicorn / Scaled Product	★★★★★ Go Node.js PostgreSQL Redis Kafka	https://www.cashfree.com/careers/	Not Applied		Watchlist 2026 / Careers Portal	https://www.linkedin.com/company/cashfree/	Engineering Lead / SDE-2 Referral / Talent Acquisition	LinkedIn Referral + Careers Page				—		Fintech domain match. Highlight TaxiBy Cashfree double-entry wallet ledger & NestJS/Go microservices.	₹50K-₹85K	7-12 LPA	Bangalore / Chennai / Hybrid	Hybrid / Remote	★★★★★ TOP	MSG-FINTECH
Chargebee	Backend Engineer / SDE I (NestJS / TypeScript)	Product-Based (SaaS, CRM & Cloud Platforms)	Unicorn / Scaled Product	★★★★★ NestJS TypeScript PostgreSQL Prisma AsyncLocalStorage	https://www.chargebee.com/careers/	Not Applied		Watchlist 2026 / Careers Portal	https://www.linkedin.com/company/chargebee/	Engineering Lead / SDE-2 Referral / Talent Acquisition	LinkedIn Referral + Careers Page				—		SaaS CRM match. Highlight ProductCRM multi-tenant AsyncLocalStorage isolation & DeepSeek MCP AI Copilot.	₹40K-₹75K	6-10 LPA	Chennai / Bangalore / Remote	Hybrid / Remote	★★★★★ TOP	MSG-SAAS
Delhivery	SDE I / Backend Engineer (NestJS / Go)	Product-Based (Mobility, Quick-Commerce & Logistics)	Unicorn / Scaled Product	★★★★★ NestJS Uber H3 Redis WebSockets Kafka	https://www.delhivery.com/careers/	Not Applied		Watchlist 2026 / Careers Portal	https://www.linkedin.com/company/delhivery/	Engineering Lead / SDE-2 Referral / Talent Acquisition	LinkedIn Referral + Careers Page				—		Mobility/Logistics match. Highlight TaxiBy Uber H3 Hexagonal spatial index (<2ms dispatch) and GPS debouncing.	₹45K-₹80K	6-11 LPA	Bangalore / Chennai / Hybrid	Hybrid / Remote	★★★★★ TOP	MSG-MOBILITY
Freshworks	Backend Engineer / SDE I (NestJS / TypeScript)	Product-Based (SaaS, CRM & Cloud Platforms)	Unicorn / Scaled Product	★★★★★ NestJS TypeScript PostgreSQL Prisma AsyncLocalStorage	https://www.freshworks.com/company/careers/	Not Applied		Watchlist 2026 / Careers Portal	https://www.linkedin.com/company/freshworks-inc/	Engineering Lead / SDE-2 Referral / Talent Acquisition	LinkedIn Referral + Careers Page				—		SaaS CRM match. Highlight ProductCRM multi-tenant AsyncLocalStorage isolation & DeepSeek MCP AI Copilot.	₹40K-₹75K	6-10 LPA	Chennai / Bangalore / Remote	Hybrid / Remote	★★★★★ TOP	MSG-SAAS
Hasura	Backend / Platform Engineer (Go / Node.js)	Product-Based (Developer Tools & Infra)	Unicorn / Scaled Product	★★★★★ Go Node.js Microservices gRPC Kafka KrakenD	https://hasura.io/careers/	Not Applied		Watchlist 2026 / Careers Portal	https://www.linkedin.com/company/hasura/	Engineering Lead / SDE-2 Referral / Talent Acquisition	LinkedIn Referral + Careers Page				—		DevTools & Infra match. Highlight 11 Go microservices with Kafka Transactional Outbox pattern & KrakenD API Gateway (8k req/s).	₹50K-₹90K	7-14 LPA	Bangalore / Remote	Hybrid / Remote	★★★★★ TOP	MSG-GOLANG
Juspay	Software Engineer - Backend (Go / Node.js)	Product-Based (Fintech & Payments)	Unicorn / Scaled Product	★★★★★ Go Node.js PostgreSQL Redis Kafka	https://juspay.io/careers	Not Applied		Watchlist 2026 / Careers Portal	https://www.linkedin.com/company/juspay/	Engineering Lead / SDE-2 Referral / Talent Acquisition	LinkedIn Referral + Careers Page				—		Fintech domain match. Highlight TaxiBy Cashfree double-entry wallet ledger & NestJS/Go microservices.	₹50K-₹85K	7-12 LPA	Bangalore / Chennai / Hybrid	Hybrid / Remote	★★★★★ TOP	MSG-FINTECH
Kissflow	Software Engineer - Full Stack / Backend (NestJS / Next.js)	Product-Based (Regional SaaS & High-Impact Tech (TN/Coimbatore/Chennai))	Unicorn / Scaled Product	★★★★★ NestJS Next.js 16 Go TypeScript PostgreSQL	https://kissflow.com/careers/	Not Applied		Watchlist 2026 / Careers Portal	https://www.linkedin.com/company/kissflow/	Engineering Lead / SDE-2 Referral / Talent Acquisition	LinkedIn Referral + Careers Page				—		Coimbatore/TN Regional tech hub. Immediate availability, local presence advantage, full-stack capabilities.	₹35K-₹65K	5-9 LPA	Coimbatore / Chennai / Hybrid	Hybrid / Remote	★★★★★ TOP	MSG-COIMBATORE
Kovai.co	Backend / Platform Engineer (Go / Node.js)	Product-Based (Developer Tools & Infra)	Unicorn / Scaled Product	★★★★★ Go Node.js Microservices gRPC Kafka KrakenD	https://www.kovai.co/careers	Not Applied		Watchlist 2026 / Careers Portal	https://www.linkedin.com/company/kovai-co/	Engineering Lead / SDE-2 Referral / Talent Acquisition	LinkedIn Referral + Careers Page				—		DevTools & Infra match. Highlight 11 Go microservices with Kafka Transactional Outbox pattern & KrakenD API Gateway (8k req/s).	₹50K-₹90K	7-14 LPA	Bangalore / Remote	Hybrid / Remote	★★★★★ TOP	MSG-GOLANG
LeadSquared	Backend Engineer / SDE I (NestJS / TypeScript)	Product-Based (SaaS, CRM & Cloud Platforms)	Unicorn / Scaled Product	★★★★★ NestJS TypeScript PostgreSQL Prisma AsyncLocalStorage	https://www.leadsquared.com/careers/	Not Applied		Watchlist 2026 / Careers Portal	https://www.linkedin.com/company/leadsquared/	Engineering Lead / SDE-2 Referral / Talent Acquisition	LinkedIn Referral + Careers Page				—		SaaS CRM match. Highlight ProductCRM multi-tenant AsyncLocalStorage isolation & DeepSeek MCP AI Copilot.	₹40K-₹75K	6-10 LPA	Chennai / Bangalore / Remote	Hybrid / Remote	★★★★★ TOP	MSG-SAAS
Ola	SDE I / Backend Engineer (NestJS / Go)	Product-Based (Mobility, Quick-Commerce & Logistics)	Unicorn / Scaled Product	★★★★★ NestJS Uber H3 Redis WebSockets Kafka	https://www.olacabs.com/careers	Not Applied		Watchlist 2026 / Careers Portal	https://www.linkedin.com/company/olacabs-com/	Engineering Lead / SDE-2 Referral / Talent Acquisition	LinkedIn Referral + Careers Page				—		Mobility/Logistics match. Highlight TaxiBy Uber H3 Hexagonal spatial index (<2ms dispatch) and GPS debouncing.	₹45K-₹80K	6-11 LPA	Bangalore / Chennai / Hybrid	Hybrid / Remote	★★★★★ TOP	MSG-MOBILITY
Payoda	Software Engineer - Full Stack / Backend (NestJS / Next.js)	Product-Based (Regional SaaS & High-Impact Tech (TN/Coimbatore/Chennai))	Unicorn / Scaled Product	★★★★★ NestJS Next.js 16 Go TypeScript PostgreSQL	https://www.payoda.com/careers	Not Applied		Watchlist 2026 / Careers Portal	https://www.linkedin.com/company/payoda/	Engineering Lead / SDE-2 Referral / Talent Acquisition	LinkedIn Referral + Careers Page				—		Coimbatore/TN Regional tech hub. Immediate availability, local presence advantage, full-stack capabilities.	₹35K-₹65K	5-9 LPA	Coimbatore / Chennai / Hybrid	Hybrid / Remote	★★★★★ TOP	MSG-COIMBATORE
PhonePe	Software Engineer - Backend (Go / Node.js)	Product-Based (Fintech & Payments)	Unicorn / Scaled Product	★★★★★ Go Node.js PostgreSQL Redis Kafka	https://www.phonepe.com/careers/	Not Applied		Watchlist 2026 / Careers Portal	https://www.linkedin.com/company/phonepe-internet/	Engineering Lead / SDE-2 Referral / Talent Acquisition	LinkedIn Referral + Careers Page				—		Fintech domain match. Highlight TaxiBy Cashfree double-entry wallet ledger & NestJS/Go microservices.	₹50K-₹85K	7-12 LPA	Bangalore / Chennai / Hybrid	Hybrid / Remote	★★★★★ TOP	MSG-FINTECH
Porter	SDE I / Backend Engineer (NestJS / Go)	Product-Based (Mobility, Quick-Commerce & Logistics)	Unicorn / Scaled Product	★★★★★ NestJS Uber H3 Redis WebSockets Kafka	https://porter.in/careers	Not Applied		Watchlist 2026 / Careers Portal	https://www.linkedin.com/company/porter-in/	Engineering Lead / SDE-2 Referral / Talent Acquisition	LinkedIn Referral + Careers Page				—		Mobility/Logistics match. Highlight TaxiBy Uber H3 Hexagonal spatial index (<2ms dispatch) and GPS debouncing.	₹45K-₹80K	6-11 LPA	Bangalore / Chennai / Hybrid	Hybrid / Remote	★★★★★ TOP	MSG-MOBILITY
Postman	Backend / Platform Engineer (Go / Node.js)	Product-Based (Developer Tools & Infra)	Unicorn / Scaled Product	★★★★★ Go Node.js Microservices gRPC Kafka KrakenD	https://www.postman.com/company/careers/	Not Applied		Watchlist 2026 / Careers Portal	https://www.linkedin.com/company/postman-platform/	Engineering Lead / SDE-2 Referral / Talent Acquisition	LinkedIn Referral + Careers Page				—		DevTools & Infra match. Highlight 11 Go microservices with Kafka Transactional Outbox pattern & KrakenD API Gateway (8k req/s).	₹50K-₹90K	7-14 LPA	Bangalore / Remote	Hybrid / Remote	★★★★★ TOP	MSG-GOLANG
Razorpay	Software Engineer - Backend (Go / Node.js)	Product-Based (Fintech & Payments)	Unicorn / Scaled Product	★★★★★ Go Node.js PostgreSQL Redis Kafka	https://razorpay.com/jobs/	Not Applied		Watchlist 2026 / Careers Portal	https://www.linkedin.com/company/razorpay/	Engineering Lead / SDE-2 Referral / Talent Acquisition	LinkedIn Referral + Careers Page				—		Fintech domain match. Highlight TaxiBy Cashfree double-entry wallet ledger & NestJS/Go microservices.	₹50K-₹85K	7-12 LPA	Bangalore / Chennai / Hybrid	Hybrid / Remote	★★★★★ TOP	MSG-FINTECH
SigNoz	Backend / Platform Engineer (Go / Node.js)	Product-Based (Developer Tools & Infra)	Unicorn / Scaled Product	★★★★★ Go Node.js Microservices gRPC Kafka KrakenD	https://signoz.io/careers/	Not Applied		Watchlist 2026 / Careers Portal	https://www.linkedin.com/company/signoz/	Engineering Lead / SDE-2 Referral / Talent Acquisition	LinkedIn Referral + Careers Page				—		DevTools & Infra match. Highlight 11 Go microservices with Kafka Transactional Outbox pattern & KrakenD API Gateway (8k req/s).	₹50K-₹90K	7-14 LPA	Bangalore / Remote	Hybrid / Remote	★★★★★ TOP	MSG-GOLANG
SurveySparrow	Software Engineer - Full Stack / Backend (NestJS / Next.js)	Product-Based (Regional SaaS & High-Impact Tech (TN/Coimbatore/Chennai))	Unicorn / Scaled Product	★★★★★ NestJS Next.js 16 Go TypeScript PostgreSQL	https://surveysparrow.com/careers/	Not Applied		Watchlist 2026 / Careers Portal	https://www.linkedin.com/company/surveysparrow/	Engineering Lead / SDE-2 Referral / Talent Acquisition	LinkedIn Referral + Careers Page				—		Coimbatore/TN Regional tech hub. Immediate availability, local presence advantage, full-stack capabilities.	₹35K-₹65K	5-9 LPA	Coimbatore / Chennai / Hybrid	Hybrid / Remote	★★★★★ TOP	MSG-COIMBATORE
Swiggy	SDE I / Backend Engineer (NestJS / Go)	Product-Based (Mobility, Quick-Commerce & Logistics)	Unicorn / Scaled Product	★★★★★ NestJS Uber H3 Redis WebSockets Kafka	https://careers.swiggy.com/	Not Applied		Watchlist 2026 / Careers Portal	https://www.linkedin.com/company/swiggy/	Engineering Lead / SDE-2 Referral / Talent Acquisition	LinkedIn Referral + Careers Page				—		Mobility/Logistics match. Highlight TaxiBy Uber H3 Hexagonal spatial index (<2ms dispatch) and GPS debouncing.	₹45K-₹80K	6-11 LPA	Bangalore / Chennai / Hybrid	Hybrid / Remote	★★★★★ TOP	MSG-MOBILITY
Yellow.ai	Backend Engineer / SDE I (NestJS / TypeScript)	Product-Based (SaaS, CRM & Cloud Platforms)	Unicorn / Scaled Product	★★★★★ NestJS TypeScript PostgreSQL Prisma AsyncLocalStorage	https://yellow.ai/careers/	Not Applied		Watchlist 2026 / Careers Portal	https://www.linkedin.com/company/yellowdotai/	Engineering Lead / SDE-2 Referral / Talent Acquisition	LinkedIn Referral + Careers Page				—		SaaS CRM match. Highlight ProductCRM multi-tenant AsyncLocalStorage isolation & DeepSeek MCP AI Copilot.	₹40K-₹75K	6-10 LPA	Chennai / Bangalore / Remote	Hybrid / Remote	★★★★★ TOP	MSG-SAAS
Aptiv	Software Engineer - Full Stack / Backend (NestJS / Next.js)	Product-Based (Regional SaaS & High-Impact Tech (TN/Coimbatore/Chennai))	Unicorn / Scaled Product	★★★★★ NestJS Next.js 16 Go TypeScript PostgreSQL	https://www.aptiv.com/en/jobs/working-here/global-locations/india	Not Applied		Watchlist 2026 / Careers Portal	https://www.linkedin.com/company/aptiv/	Engineering Lead / SDE-2 Referral / Talent Acquisition	LinkedIn Referral + Careers Page				—		Coimbatore/TN Regional tech hub. Immediate availability, local presence advantage, full-stack capabilities.	₹35K-₹65K	5-9 LPA	Coimbatore / Chennai / Hybrid	Hybrid / Remote	★★★★☆ HIGH	MSG-COIMBATORE
Aspire Systems	Software Engineer - Full Stack / Backend (NestJS / Next.js)	Product-Based (Regional SaaS & High-Impact Tech (TN/Coimbatore/Chennai))	Unicorn / Scaled Product	★★★★★ NestJS Next.js 16 Go TypeScript PostgreSQL	https://www.aspiresys.com/careers/	Not Applied		Watchlist 2026 / Careers Portal	https://www.linkedin.com/company/aspire-systems/	Engineering Lead / SDE-2 Referral / Talent Acquisition	LinkedIn Referral + Careers Page				—		Coimbatore/TN Regional tech hub. Immediate availability, local presence advantage, full-stack capabilities.	₹35K-₹65K	5-9 LPA	Coimbatore / Chennai / Hybrid	Hybrid / Remote	★★★★☆ HIGH	MSG-COIMBATORE
Ather Energy	SDE I / Backend Engineer (NestJS / Go)	Product-Based (Mobility, Quick-Commerce & Logistics)	Unicorn / Scaled Product	★★★★★ NestJS Uber H3 Redis WebSockets Kafka	https://www.atherenergy.com/careers	Not Applied		Watchlist 2026 / Careers Portal	https://www.linkedin.com/company/ather-energy/	Engineering Lead / SDE-2 Referral / Talent Acquisition	LinkedIn Referral + Careers Page				—		Mobility/Logistics match. Highlight TaxiBy Uber H3 Hexagonal spatial index (<2ms dispatch) and GPS debouncing.	₹45K-₹80K	6-11 LPA	Bangalore / Chennai / Hybrid	Hybrid / Remote	★★★★☆ HIGH	MSG-MOBILITY
Atlassian	Software Engineer (Backend / Distributed Systems)	Product-Based (Enterprise & Consumer Tech)	Unicorn / Scaled Product	★★★★☆ NestJS Go Node.js TypeScript Redis Docker	https://www.atlassian.com/company/careers	Not Applied		Watchlist 2026 / Careers Portal	https://www.linkedin.com/company/atlassian/	Engineering Lead / SDE-2 Referral / Talent Acquisition	LinkedIn Referral + Careers Page				—		High scale product engineering. Strong DSA + System Design + production NestJS/Go microservices experience.	₹60K-₹110K	8-16 LPA	Bangalore / Hyderabad / Remote	Hybrid / Remote	★★★★☆ HIGH	MSG-GENERAL
Boolean & Beyond	Software Engineer - Full Stack / Backend (NestJS / Next.js)	Product-Based (Regional SaaS & High-Impact Tech (TN/Coimbatore/Chennai))	Unicorn / Scaled Product	★★★★★ NestJS Next.js 16 Go TypeScript PostgreSQL	https://www.booleanbeyond.com/careers	Not Applied		Watchlist 2026 / Careers Portal	https://www.linkedin.com/company/boolean-and-beyond/	Engineering Lead / SDE-2 Referral / Talent Acquisition	LinkedIn Referral + Careers Page				—		Coimbatore/TN Regional tech hub. Immediate availability, local presence advantage, full-stack capabilities.	₹35K-₹65K	5-9 LPA	Coimbatore / Chennai / Hybrid	Hybrid / Remote	★★★★☆ HIGH	MSG-COIMBATORE
BrowserStack	Backend / Platform Engineer (Go / Node.js)	Product-Based (Developer Tools & Infra)	Unicorn / Scaled Product	★★★★★ Go Node.js Microservices gRPC Kafka KrakenD	https://www.browserstack.com/careers	Not Applied		Watchlist 2026 / Careers Portal	https://www.linkedin.com/company/browserstack/	Engineering Lead / SDE-2 Referral / Talent Acquisition	LinkedIn Referral + Careers Page				—		DevTools & Infra match. Highlight 11 Go microservices with Kafka Transactional Outbox pattern & KrakenD API Gateway (8k req/s).	₹50K-₹90K	7-14 LPA	Bangalore / Remote	Hybrid / Remote	★★★★☆ HIGH	MSG-GOLANG
CRED	Software Engineer - Backend (Go / Node.js)	Product-Based (Fintech & Payments)	Unicorn / Scaled Product	★★★★★ Go Node.js PostgreSQL Redis Kafka	https://careers.cred.club/	Not Applied		Watchlist 2026 / Careers Portal	https://www.linkedin.com/company/credapp/	Engineering Lead / SDE-2 Referral / Talent Acquisition	LinkedIn Referral + Careers Page				—		Fintech domain match. Highlight TaxiBy Cashfree double-entry wallet ledger & NestJS/Go microservices.	₹50K-₹85K	7-12 LPA	Bangalore / Chennai / Hybrid	Hybrid / Remote	★★★★☆ HIGH	MSG-FINTECH
Caterpillar	Software Engineer - Full Stack / Backend (NestJS / Next.js)	Product-Based (Regional SaaS & High-Impact Tech (TN/Coimbatore/Chennai))	Unicorn / Scaled Product	★★★★★ NestJS Next.js 16 Go TypeScript PostgreSQL	https://careers.caterpillar.com/	Not Applied		Watchlist 2026 / Careers Portal	https://www.linkedin.com/company/caterpillar-inc/	Engineering Lead / SDE-2 Referral / Talent Acquisition	LinkedIn Referral + Careers Page				—		Coimbatore/TN Regional tech hub. Immediate availability, local presence advantage, full-stack capabilities.	₹35K-₹65K	5-9 LPA	Coimbatore / Chennai / Hybrid	Hybrid / Remote	★★★★☆ HIGH	MSG-COIMBATORE
Cercle X	Software Engineer - Full Stack / Backend (NestJS / Next.js)	Product-Based (Regional SaaS & High-Impact Tech (TN/Coimbatore/Chennai))	Unicorn / Scaled Product	★★★★★ NestJS Next.js 16 Go TypeScript PostgreSQL	https://www.cerclex.com/	Not Applied		Watchlist 2026 / Careers Portal	https://www.linkedin.com/company/cercle-x/	Engineering Lead / SDE-2 Referral / Talent Acquisition	LinkedIn Referral + Careers Page				—		Coimbatore/TN Regional tech hub. Immediate availability, local presence advantage, full-stack capabilities.	₹35K-₹65K	5-9 LPA	Coimbatore / Chennai / Hybrid	Hybrid / Remote	★★★★☆ HIGH	MSG-COIMBATORE
Codincity	Software Engineer - Full Stack / Backend (NestJS / Next.js)	Product-Based (Regional SaaS & High-Impact Tech (TN/Coimbatore/Chennai))	Unicorn / Scaled Product	★★★★★ NestJS Next.js 16 Go TypeScript PostgreSQL	https://codincity.com/careers	Not Applied		Watchlist 2026 / Careers Portal	https://www.linkedin.com/company/codincity/	Engineering Lead / SDE-2 Referral / Talent Acquisition	LinkedIn Referral + Careers Page				—		Coimbatore/TN Regional tech hub. Immediate availability, local presence advantage, full-stack capabilities.	₹35K-₹65K	5-9 LPA	Coimbatore / Chennai / Hybrid	Hybrid / Remote	★★★★☆ HIGH	MSG-COIMBATORE
Darwinbox	Backend Engineer / SDE I (NestJS / TypeScript)	Product-Based (SaaS, CRM & Cloud Platforms)	Unicorn / Scaled Product	★★★★★ NestJS TypeScript PostgreSQL Prisma AsyncLocalStorage	https://darwinbox.com/careers/	Not Applied		Watchlist 2026 / Careers Portal	https://www.linkedin.com/company/darwinbox/	Engineering Lead / SDE-2 Referral / Talent Acquisition	LinkedIn Referral + Careers Page				—		SaaS CRM match. Highlight ProductCRM multi-tenant AsyncLocalStorage isolation & DeepSeek MCP AI Copilot.	₹40K-₹75K	6-10 LPA	Chennai / Bangalore / Remote	Hybrid / Remote	★★★★☆ HIGH	MSG-SAAS
Decentro	Software Engineer - Backend (Go / Node.js)	Product-Based (Fintech & Payments)	Unicorn / Scaled Product	★★★★★ Go Node.js PostgreSQL Redis Kafka	https://decentro.tech/careers	Not Applied		Watchlist 2026 / Careers Portal	https://www.linkedin.com/company/decentro/	Engineering Lead / SDE-2 Referral / Talent Acquisition	LinkedIn Referral + Careers Page				—		Fintech domain match. Highlight TaxiBy Cashfree double-entry wallet ledger & NestJS/Go microservices.	₹50K-₹85K	7-12 LPA	Bangalore / Chennai / Hybrid	Hybrid / Remote	★★★★☆ HIGH	MSG-FINTECH
Detect Technologies	Software Engineer - Full Stack / Backend (NestJS / Next.js)	Product-Based (Regional SaaS & High-Impact Tech (TN/Coimbatore/Chennai))	Unicorn / Scaled Product	★★★★★ NestJS Next.js 16 Go TypeScript PostgreSQL	https://detecttechnologies.com/careers/	Not Applied		Watchlist 2026 / Careers Portal	https://www.linkedin.com/company/detect-technologies/	Engineering Lead / SDE-2 Referral / Talent Acquisition	LinkedIn Referral + Careers Page				—		Coimbatore/TN Regional tech hub. Immediate availability, local presence advantage, full-stack capabilities.	₹35K-₹65K	5-9 LPA	Coimbatore / Chennai / Hybrid	Hybrid / Remote	★★★★☆ HIGH	MSG-COIMBATORE
DevRev	Backend / Platform Engineer (Go / Node.js)	Product-Based (Developer Tools & Infra)	Unicorn / Scaled Product	★★★★★ Go Node.js Microservices gRPC Kafka KrakenD	https://devrev.ai/careers	Not Applied		Watchlist 2026 / Careers Portal	https://www.linkedin.com/company/devrev/	Engineering Lead / SDE-2 Referral / Talent Acquisition	LinkedIn Referral + Careers Page				—		DevTools & Infra match. Highlight 11 Go microservices with Kafka Transactional Outbox pattern & KrakenD API Gateway (8k req/s).	₹50K-₹90K	7-14 LPA	Bangalore / Remote	Hybrid / Remote	★★★★☆ HIGH	MSG-GOLANG
Dover India	Software Engineer - Full Stack / Backend (NestJS / Next.js)	Product-Based (Regional SaaS & High-Impact Tech (TN/Coimbatore/Chennai))	Unicorn / Scaled Product	★★★★★ NestJS Next.js 16 Go TypeScript PostgreSQL	https://careers.dovercorporation.com/go/Dover-India-Innovation-Center/9068301/	Not Applied		Watchlist 2026 / Careers Portal	https://www.linkedin.com/company/dover-corporation/	Engineering Lead / SDE-2 Referral / Talent Acquisition	LinkedIn Referral + Careers Page				—		Coimbatore/TN Regional tech hub. Immediate availability, local presence advantage, full-stack capabilities.	₹35K-₹65K	5-9 LPA	Coimbatore / Chennai / Hybrid	Hybrid / Remote	★★★★☆ HIGH	MSG-COIMBATORE
Druva	Backend Engineer / SDE I (NestJS / TypeScript)	Product-Based (SaaS, CRM & Cloud Platforms)	Unicorn / Scaled Product	★★★★★ NestJS TypeScript PostgreSQL Prisma AsyncLocalStorage	https://www.druva.com/company/careers	Not Applied		Watchlist 2026 / Careers Portal	https://www.linkedin.com/company/druva/	Engineering Lead / SDE-2 Referral / Talent Acquisition	LinkedIn Referral + Careers Page				—		SaaS CRM match. Highlight ProductCRM multi-tenant AsyncLocalStorage isolation & DeepSeek MCP AI Copilot.	₹40K-₹75K	6-10 LPA	Chennai / Bangalore / Remote	Hybrid / Remote	★★★★☆ HIGH	MSG-SAAS
Elgi Equipments	Software Engineer - Full Stack / Backend (NestJS / Next.js)	Product-Based (Regional SaaS & High-Impact Tech (TN/Coimbatore/Chennai))	Unicorn / Scaled Product	★★★★★ NestJS Next.js 16 Go TypeScript PostgreSQL	https://www.elgi.com/careers/	Not Applied		Watchlist 2026 / Careers Portal	https://www.linkedin.com/company/elgi-equipments-limited/	Engineering Lead / SDE-2 Referral / Talent Acquisition	LinkedIn Referral + Careers Page				—		Coimbatore/TN Regional tech hub. Immediate availability, local presence advantage, full-stack capabilities.	₹35K-₹65K	5-9 LPA	Coimbatore / Chennai / Hybrid	Hybrid / Remote	★★★★☆ HIGH	MSG-COIMBATORE
Facilio	Backend Engineer / SDE I (NestJS / TypeScript)	Product-Based (SaaS, CRM & Cloud Platforms)	Unicorn / Scaled Product	★★★★★ NestJS TypeScript PostgreSQL Prisma AsyncLocalStorage	https://facilio.com/careers/	Not Applied		Watchlist 2026 / Careers Portal	https://www.linkedin.com/company/facilio/	Engineering Lead / SDE-2 Referral / Talent Acquisition	LinkedIn Referral + Careers Page				—		SaaS CRM match. Highlight ProductCRM multi-tenant AsyncLocalStorage isolation & DeepSeek MCP AI Copilot.	₹40K-₹75K	6-10 LPA	Chennai / Bangalore / Remote	Hybrid / Remote	★★★★☆ HIGH	MSG-SAAS
Flipkart	SDE I / Backend Engineer (NestJS / Go)	Product-Based (Mobility, Quick-Commerce & Logistics)	Unicorn / Scaled Product	★★★★★ NestJS Uber H3 Redis WebSockets Kafka	https://www.flipkartcareers.com/	Not Applied		Watchlist 2026 / Careers Portal	https://www.linkedin.com/company/flipkart/	Engineering Lead / SDE-2 Referral / Talent Acquisition	LinkedIn Referral + Careers Page				—		Mobility/Logistics match. Highlight TaxiBy Uber H3 Hexagonal spatial index (<2ms dispatch) and GPS debouncing.	₹45K-₹80K	6-11 LPA	Bangalore / Chennai / Hybrid	Hybrid / Remote	★★★★☆ HIGH	MSG-MOBILITY
Glean	Backend / Platform Engineer (Go / Node.js)	Product-Based (Developer Tools & Infra)	Unicorn / Scaled Product	★★★★★ Go Node.js Microservices gRPC Kafka KrakenD	https://www.glean.com/careers	Not Applied		Watchlist 2026 / Careers Portal	https://www.linkedin.com/company/gleanwork/	Engineering Lead / SDE-2 Referral / Talent Acquisition	LinkedIn Referral + Careers Page				—		DevTools & Infra match. Highlight 11 Go microservices with Kafka Transactional Outbox pattern & KrakenD API Gateway (8k req/s).	₹50K-₹90K	7-14 LPA	Bangalore / Remote	Hybrid / Remote	★★★★☆ HIGH	MSG-GOLANG
Groww	Software Engineer - Backend (Go / Node.js)	Product-Based (Fintech & Payments)	Unicorn / Scaled Product	★★★★★ Go Node.js PostgreSQL Redis Kafka	https://groww.in/careers	Not Applied		Watchlist 2026 / Careers Portal	https://www.linkedin.com/company/groww/	Engineering Lead / SDE-2 Referral / Talent Acquisition	LinkedIn Referral + Careers Page				—		Fintech domain match. Highlight TaxiBy Cashfree double-entry wallet ledger & NestJS/Go microservices.	₹50K-₹85K	7-12 LPA	Bangalore / Chennai / Hybrid	Hybrid / Remote	★★★★☆ HIGH	MSG-FINTECH
Gupshup	Backend Engineer / SDE I (NestJS / TypeScript)	Product-Based (SaaS, CRM & Cloud Platforms)	Unicorn / Scaled Product	★★★★★ NestJS TypeScript PostgreSQL Prisma AsyncLocalStorage	https://www.gupshup.io/careers	Not Applied		Watchlist 2026 / Careers Portal	https://www.linkedin.com/company/gupshup/	Engineering Lead / SDE-2 Referral / Talent Acquisition	LinkedIn Referral + Careers Page				—		SaaS CRM match. Highlight ProductCRM multi-tenant AsyncLocalStorage isolation & DeepSeek MCP AI Copilot.	₹40K-₹75K	6-10 LPA	Chennai / Bangalore / Remote	Hybrid / Remote	★★★★☆ HIGH	MSG-SAAS
InMobi	Software Engineer (Backend / Distributed Systems)	Product-Based (Enterprise & Consumer Tech)	Unicorn / Scaled Product	★★★★☆ NestJS Go Node.js TypeScript Redis Docker	https://www.inmobi.com/company/careers/	Not Applied		Watchlist 2026 / Careers Portal	https://www.linkedin.com/company/inmobi/	Engineering Lead / SDE-2 Referral / Talent Acquisition	LinkedIn Referral + Careers Page				—		High scale product engineering. Strong DSA + System Design + production NestJS/Go microservices experience.	₹60K-₹110K	8-16 LPA	Bangalore / Hyderabad / Remote	Hybrid / Remote	★★★★☆ HIGH	MSG-GENERAL
Incresco	Software Engineer - Full Stack / Backend (NestJS / Next.js)	Product-Based (Regional SaaS & High-Impact Tech (TN/Coimbatore/Chennai))	Unicorn / Scaled Product	★★★★★ NestJS Next.js 16 Go TypeScript PostgreSQL	https://www.increscotech.com/about/careers/	Not Applied		Watchlist 2026 / Careers Portal	https://www.linkedin.com/company/incresco/	Engineering Lead / SDE-2 Referral / Talent Acquisition	LinkedIn Referral + Careers Page				—		Coimbatore/TN Regional tech hub. Immediate availability, local presence advantage, full-stack capabilities.	₹35K-₹65K	5-9 LPA	Coimbatore / Chennai / Hybrid	Hybrid / Remote	★★★★☆ HIGH	MSG-COIMBATORE
KGISL	Software Engineer - Full Stack / Backend (NestJS / Next.js)	Product-Based (Regional SaaS & High-Impact Tech (TN/Coimbatore/Chennai))	Unicorn / Scaled Product	★★★★★ NestJS Next.js 16 Go TypeScript PostgreSQL	https://www.kgisl.com/careers/	Not Applied		Watchlist 2026 / Careers Portal	https://www.linkedin.com/company/kgisl/	Engineering Lead / SDE-2 Referral / Talent Acquisition	LinkedIn Referral + Careers Page				—		Coimbatore/TN Regional tech hub. Immediate availability, local presence advantage, full-stack capabilities.	₹35K-₹65K	5-9 LPA	Coimbatore / Chennai / Hybrid	Hybrid / Remote	★★★★☆ HIGH	MSG-COIMBATORE
Kalvium	Software Engineer - Full Stack / Backend (NestJS / Next.js)	Product-Based (Regional SaaS & High-Impact Tech (TN/Coimbatore/Chennai))	Unicorn / Scaled Product	★★★★★ NestJS Next.js 16 Go TypeScript PostgreSQL	https://kalvium.com/careers/	Not Applied		Watchlist 2026 / Careers Portal	https://www.linkedin.com/company/kalvium/	Engineering Lead / SDE-2 Referral / Talent Acquisition	LinkedIn Referral + Careers Page				—		Coimbatore/TN Regional tech hub. Immediate availability, local presence advantage, full-stack capabilities.	₹35K-₹65K	5-9 LPA	Coimbatore / Chennai / Hybrid	Hybrid / Remote	★★★★☆ HIGH	MSG-COIMBATORE
Kapture CX	Backend Engineer / SDE I (NestJS / TypeScript)	Product-Based (SaaS, CRM & Cloud Platforms)	Unicorn / Scaled Product	★★★★★ NestJS TypeScript PostgreSQL Prisma AsyncLocalStorage	https://www.kapturecrm.com/careers/	Not Applied		Watchlist 2026 / Careers Portal	https://www.linkedin.com/company/kapturecrm/	Engineering Lead / SDE-2 Referral / Talent Acquisition	LinkedIn Referral + Careers Page				—		SaaS CRM match. Highlight ProductCRM multi-tenant AsyncLocalStorage isolation & DeepSeek MCP AI Copilot.	₹40K-₹75K	6-10 LPA	Chennai / Bangalore / Remote	Hybrid / Remote	★★★★☆ HIGH	MSG-SAAS
KovaiSoft	Software Engineer - Full Stack / Backend (NestJS / Next.js)	Product-Based (Regional SaaS & High-Impact Tech (TN/Coimbatore/Chennai))	Unicorn / Scaled Product	★★★★★ NestJS Next.js 16 Go TypeScript PostgreSQL	https://kovaisoft.in/join-us	Not Applied		Watchlist 2026 / Careers Portal	https://www.linkedin.com/company/kovaisoft/	Engineering Lead / SDE-2 Referral / Talent Acquisition	LinkedIn Referral + Careers Page				—		Coimbatore/TN Regional tech hub. Immediate availability, local presence advantage, full-stack capabilities.	₹35K-₹65K	5-9 LPA	Coimbatore / Chennai / Hybrid	Hybrid / Remote	★★★★☆ HIGH	MSG-COIMBATORE
LatentView Analytics	Software Engineer - Full Stack / Backend (NestJS / Next.js)	Product-Based (Regional SaaS & High-Impact Tech (TN/Coimbatore/Chennai))	Unicorn / Scaled Product	★★★★★ NestJS Next.js 16 Go TypeScript PostgreSQL	https://www.latentview.com/careers/	Not Applied		Watchlist 2026 / Careers Portal	https://www.linkedin.com/company/latentview-analytics/	Engineering Lead / SDE-2 Referral / Talent Acquisition	LinkedIn Referral + Careers Page				—		Coimbatore/TN Regional tech hub. Immediate availability, local presence advantage, full-stack capabilities.	₹35K-₹65K	5-9 LPA	Coimbatore / Chennai / Hybrid	Hybrid / Remote	★★★★☆ HIGH	MSG-COIMBATORE
M2P Fintech	Software Engineer - Backend (Go / Node.js)	Product-Based (Fintech & Payments)	Unicorn / Scaled Product	★★★★★ Go Node.js PostgreSQL Redis Kafka	https://m2pfintech.com/careers/	Not Applied		Watchlist 2026 / Careers Portal	https://www.linkedin.com/company/m2p-fintech/	Engineering Lead / SDE-2 Referral / Talent Acquisition	LinkedIn Referral + Careers Page				—		Fintech domain match. Highlight TaxiBy Cashfree double-entry wallet ledger & NestJS/Go microservices.	₹50K-₹85K	7-12 LPA	Bangalore / Chennai / Hybrid	Hybrid / Remote	★★★★☆ HIGH	MSG-FINTECH
Matrimony.com	Software Engineer - Full Stack / Backend (NestJS / Next.js)	Product-Based (Regional SaaS & High-Impact Tech (TN/Coimbatore/Chennai))	Unicorn / Scaled Product	★★★★★ NestJS Next.js 16 Go TypeScript PostgreSQL	https://www.matrimony.com/careers/	Not Applied		Watchlist 2026 / Careers Portal	https://www.linkedin.com/company/matrimony-com/	Engineering Lead / SDE-2 Referral / Talent Acquisition	LinkedIn Referral + Careers Page				—		Coimbatore/TN Regional tech hub. Immediate availability, local presence advantage, full-stack capabilities.	₹35K-₹65K	5-9 LPA	Coimbatore / Chennai / Hybrid	Hybrid / Remote	★★★★☆ HIGH	MSG-COIMBATORE
Meesho	SDE I / Backend Engineer (NestJS / Go)	Product-Based (Mobility, Quick-Commerce & Logistics)	Unicorn / Scaled Product	★★★★★ NestJS Uber H3 Redis WebSockets Kafka	https://www.meesho.io/jobs	Not Applied		Watchlist 2026 / Careers Portal	https://www.linkedin.com/company/meesho/	Engineering Lead / SDE-2 Referral / Talent Acquisition	LinkedIn Referral + Careers Page				—		Mobility/Logistics match. Highlight TaxiBy Uber H3 Hexagonal spatial index (<2ms dispatch) and GPS debouncing.	₹45K-₹80K	6-11 LPA	Bangalore / Chennai / Hybrid	Hybrid / Remote	★★★★☆ HIGH	MSG-MOBILITY
Mindtickle	Software Engineer (Backend / Distributed Systems)	Product-Based (Enterprise & Consumer Tech)	Unicorn / Scaled Product	★★★★☆ NestJS Go Node.js TypeScript Redis Docker	https://www.mindtickle.com/careers/	Not Applied		Watchlist 2026 / Careers Portal	https://www.linkedin.com/company/mindtickle/	Engineering Lead / SDE-2 Referral / Talent Acquisition	LinkedIn Referral + Careers Page				—		High scale product engineering. Strong DSA + System Design + production NestJS/Go microservices experience.	₹60K-₹110K	8-16 LPA	Bangalore / Hyderabad / Remote	Hybrid / Remote	★★★★☆ HIGH	MSG-GENERAL
Myntra	SDE I / Backend Engineer (NestJS / Go)	Product-Based (Mobility, Quick-Commerce & Logistics)	Unicorn / Scaled Product	★★★★★ NestJS Uber H3 Redis WebSockets Kafka	https://careers.myntra.com/	Not Applied		Watchlist 2026 / Careers Portal	https://www.linkedin.com/company/myntra/	Engineering Lead / SDE-2 Referral / Talent Acquisition	LinkedIn Referral + Careers Page				—		Mobility/Logistics match. Highlight TaxiBy Uber H3 Hexagonal spatial index (<2ms dispatch) and GPS debouncing.	₹45K-₹80K	6-11 LPA	Bangalore / Chennai / Hybrid	Hybrid / Remote	★★★★☆ HIGH	MSG-MOBILITY
Onwords	Software Engineer - Full Stack / Backend (NestJS / Next.js)	Product-Based (Regional SaaS & High-Impact Tech (TN/Coimbatore/Chennai))	Unicorn / Scaled Product	★★★★★ NestJS Next.js 16 Go TypeScript PostgreSQL	https://www.onwords.in/careers	Not Applied		Watchlist 2026 / Careers Portal	https://www.linkedin.com/company/onwords/	Engineering Lead / SDE-2 Referral / Talent Acquisition	LinkedIn Referral + Careers Page				—		Coimbatore/TN Regional tech hub. Immediate availability, local presence advantage, full-stack capabilities.	₹35K-₹65K	5-9 LPA	Coimbatore / Chennai / Hybrid	Hybrid / Remote	★★★★☆ HIGH	MSG-COIMBATORE
Pricol	Software Engineer - Full Stack / Backend (NestJS / Next.js)	Product-Based (Regional SaaS & High-Impact Tech (TN/Coimbatore/Chennai))	Unicorn / Scaled Product	★★★★★ NestJS Next.js 16 Go TypeScript PostgreSQL	https://www.pricol.com/careers/	Not Applied		Watchlist 2026 / Careers Portal	https://www.linkedin.com/company/pricol/	Engineering Lead / SDE-2 Referral / Talent Acquisition	LinkedIn Referral + Careers Page				—		Coimbatore/TN Regional tech hub. Immediate availability, local presence advantage, full-stack capabilities.	₹35K-₹65K	5-9 LPA	Coimbatore / Chennai / Hybrid	Hybrid / Remote	★★★★☆ HIGH	MSG-COIMBATORE
Prodapt	Software Engineer - Full Stack / Backend (NestJS / Next.js)	Product-Based (Regional SaaS & High-Impact Tech (TN/Coimbatore/Chennai))	Unicorn / Scaled Product	★★★★★ NestJS Next.js 16 Go TypeScript PostgreSQL	https://www.prodapt.com/careers/	Not Applied		Watchlist 2026 / Careers Portal	https://www.linkedin.com/company/prodapt/	Engineering Lead / SDE-2 Referral / Talent Acquisition	LinkedIn Referral + Careers Page				—		Coimbatore/TN Regional tech hub. Immediate availability, local presence advantage, full-stack capabilities.	₹35K-₹65K	5-9 LPA	Coimbatore / Chennai / Hybrid	Hybrid / Remote	★★★★☆ HIGH	MSG-COIMBATORE
Ramco Systems	Software Engineer - Full Stack / Backend (NestJS / Next.js)	Product-Based (Regional SaaS & High-Impact Tech (TN/Coimbatore/Chennai))	Unicorn / Scaled Product	★★★★★ NestJS Next.js 16 Go TypeScript PostgreSQL	https://www.ramco.com/careers	Not Applied		Watchlist 2026 / Careers Portal	https://www.linkedin.com/company/ramco-systems/	Engineering Lead / SDE-2 Referral / Talent Acquisition	LinkedIn Referral + Careers Page				—		Coimbatore/TN Regional tech hub. Immediate availability, local presence advantage, full-stack capabilities.	₹35K-₹65K	5-9 LPA	Coimbatore / Chennai / Hybrid	Hybrid / Remote	★★★★☆ HIGH	MSG-COIMBATORE
Relyon Softech	Software Engineer - Full Stack / Backend (NestJS / Next.js)	Product-Based (Regional SaaS & High-Impact Tech (TN/Coimbatore/Chennai))	Unicorn / Scaled Product	★★★★★ NestJS Next.js 16 Go TypeScript PostgreSQL	https://relyonsoft.com/careers/	Not Applied		Watchlist 2026 / Careers Portal	https://www.linkedin.com/company/relyon-softech/	Engineering Lead / SDE-2 Referral / Talent Acquisition	LinkedIn Referral + Careers Page				—		Coimbatore/TN Regional tech hub. Immediate availability, local presence advantage, full-stack capabilities.	₹35K-₹65K	5-9 LPA	Coimbatore / Chennai / Hybrid	Hybrid / Remote	★★★★☆ HIGH	MSG-COIMBATORE
Rocketlane	Backend Engineer / SDE I (NestJS / TypeScript)	Product-Based (SaaS, CRM & Cloud Platforms)	Unicorn / Scaled Product	★★★★★ NestJS TypeScript PostgreSQL Prisma AsyncLocalStorage	https://rocketlane.com/careers	Not Applied		Watchlist 2026 / Careers Portal	https://www.linkedin.com/company/rocketlane/	Engineering Lead / SDE-2 Referral / Talent Acquisition	LinkedIn Referral + Careers Page				—		SaaS CRM match. Highlight ProductCRM multi-tenant AsyncLocalStorage isolation & DeepSeek MCP AI Copilot.	₹40K-₹75K	6-10 LPA	Chennai / Bangalore / Remote	Hybrid / Remote	★★★★☆ HIGH	MSG-SAAS
Soliton Technologies	Software Engineer - Full Stack / Backend (NestJS / Next.js)	Product-Based (Regional SaaS & High-Impact Tech (TN/Coimbatore/Chennai))	Unicorn / Scaled Product	★★★★★ NestJS Next.js 16 Go TypeScript PostgreSQL	https://solitontech.com/careers/	Not Applied		Watchlist 2026 / Careers Portal	https://www.linkedin.com/company/soliton-technologies/	Engineering Lead / SDE-2 Referral / Talent Acquisition	LinkedIn Referral + Careers Page				—		Coimbatore/TN Regional tech hub. Immediate availability, local presence advantage, full-stack capabilities.	₹35K-₹65K	5-9 LPA	Coimbatore / Chennai / Hybrid	Hybrid / Remote	★★★★☆ HIGH	MSG-COIMBATORE
Stripe	Software Engineer - Backend (Go / Node.js)	Product-Based (Fintech & Payments)	Unicorn / Scaled Product	★★★★★ Go Node.js PostgreSQL Redis Kafka	https://stripe.com/jobs	Not Applied		Watchlist 2026 / Careers Portal	https://www.linkedin.com/company/stripe/	Engineering Lead / SDE-2 Referral / Talent Acquisition	LinkedIn Referral + Careers Page				—		Fintech domain match. Highlight TaxiBy Cashfree double-entry wallet ledger & NestJS/Go microservices.	₹50K-₹85K	7-12 LPA	Bangalore / Chennai / Hybrid	Hybrid / Remote	★★★★☆ HIGH	MSG-FINTECH
Tiger Analytics	Software Engineer - Full Stack / Backend (NestJS / Next.js)	Product-Based (Regional SaaS & High-Impact Tech (TN/Coimbatore/Chennai))	Unicorn / Scaled Product	★★★★★ NestJS Next.js 16 Go TypeScript PostgreSQL	https://www.tigeranalytics.com/careers/	Not Applied		Watchlist 2026 / Careers Portal	https://www.linkedin.com/company/tiger-analytics/	Engineering Lead / SDE-2 Referral / Talent Acquisition	LinkedIn Referral + Careers Page				—		Coimbatore/TN Regional tech hub. Immediate availability, local presence advantage, full-stack capabilities.	₹35K-₹65K	5-9 LPA	Coimbatore / Chennai / Hybrid	Hybrid / Remote	★★★★☆ HIGH	MSG-COIMBATORE
Toast	Software Engineer - Full Stack / Backend (NestJS / Next.js)	Product-Based (Regional SaaS & High-Impact Tech (TN/Coimbatore/Chennai))	Unicorn / Scaled Product	★★★★★ NestJS Next.js 16 Go TypeScript PostgreSQL	https://careers.toasttab.com/india	Not Applied		Watchlist 2026 / Careers Portal	https://www.linkedin.com/company/toast-inc/	Engineering Lead / SDE-2 Referral / Talent Acquisition	LinkedIn Referral + Careers Page				—		Coimbatore/TN Regional tech hub. Immediate availability, local presence advantage, full-stack capabilities.	₹35K-₹65K	5-9 LPA	Coimbatore / Chennai / Hybrid	Hybrid / Remote	★★★★☆ HIGH	MSG-COIMBATORE
Whatfix	Backend Engineer / SDE I (NestJS / TypeScript)	Product-Based (SaaS, CRM & Cloud Platforms)	Unicorn / Scaled Product	★★★★★ NestJS TypeScript PostgreSQL Prisma AsyncLocalStorage	https://whatfix.com/careers/	Not Applied		Watchlist 2026 / Careers Portal	https://www.linkedin.com/company/whatfix/	Engineering Lead / SDE-2 Referral / Talent Acquisition	LinkedIn Referral + Careers Page				—		SaaS CRM match. Highlight ProductCRM multi-tenant AsyncLocalStorage isolation & DeepSeek MCP AI Copilot.	₹40K-₹75K	6-10 LPA	Chennai / Bangalore / Remote	Hybrid / Remote	★★★★☆ HIGH	MSG-SAAS
Zerodha	Software Engineer - Backend (Go / Node.js)	Product-Based (Fintech & Payments)	Unicorn / Scaled Product	★★★★★ Go Node.js PostgreSQL Redis Kafka	https://zerodha.com/careers/	Not Applied		Watchlist 2026 / Careers Portal	https://www.linkedin.com/company/zerodha/	Engineering Lead / SDE-2 Referral / Talent Acquisition	LinkedIn Referral + Careers Page				—		Fintech domain match. Highlight TaxiBy Cashfree double-entry wallet ledger & NestJS/Go microservices.	₹50K-₹85K	7-12 LPA	Bangalore / Chennai / Hybrid	Hybrid / Remote	★★★★☆ HIGH	MSG-FINTECH
Zoho	Backend Engineer / SDE I (NestJS / TypeScript)	Product-Based (SaaS, CRM & Cloud Platforms)	Unicorn / Scaled Product	★★★★★ NestJS TypeScript PostgreSQL Prisma AsyncLocalStorage	https://www.zoho.com/careers/	Not Applied		Watchlist 2026 / Careers Portal	https://www.linkedin.com/company/zoho/	Engineering Lead / SDE-2 Referral / Talent Acquisition	LinkedIn Referral + Careers Page				—		SaaS CRM match. Highlight ProductCRM multi-tenant AsyncLocalStorage isolation & DeepSeek MCP AI Copilot.	₹40K-₹75K	6-10 LPA	Chennai / Bangalore / Remote	Hybrid / Remote	★★★★☆ HIGH	MSG-SAAS
Zuper	Backend Engineer / SDE I (NestJS / TypeScript)	Product-Based (SaaS, CRM & Cloud Platforms)	Unicorn / Scaled Product	★★★★★ NestJS TypeScript PostgreSQL Prisma AsyncLocalStorage	https://www.zuper.co/careers/	Not Applied		Watchlist 2026 / Careers Portal	https://www.linkedin.com/company/zuper/	Engineering Lead / SDE-2 Referral / Talent Acquisition	LinkedIn Referral + Careers Page				—		SaaS CRM match. Highlight ProductCRM multi-tenant AsyncLocalStorage isolation & DeepSeek MCP AI Copilot.	₹40K-₹75K	6-10 LPA	Chennai / Bangalore / Remote	Hybrid / Remote	★★★★☆ HIGH	MSG-SAAS
Acko	Software Engineer - Backend (Go / Node.js)	Product-Based (Fintech & Payments)	Unicorn / Scaled Product	★★★★★ Go Node.js PostgreSQL Redis Kafka	https://www.acko.com/careers/	Not Applied		Watchlist 2026 / Careers Portal	https://www.linkedin.com/company/acko/	Engineering Lead / SDE-2 Referral / Talent Acquisition	LinkedIn Referral + Careers Page				—		Fintech domain match. Highlight TaxiBy Cashfree double-entry wallet ledger & NestJS/Go microservices.	₹50K-₹85K	7-12 LPA	Bangalore / Chennai / Hybrid	Hybrid / Remote	★★★☆☆ MEDIUM	MSG-FINTECH
Adobe	Software Engineer (Backend / Distributed Systems)	Product-Based (Enterprise & Consumer Tech)	Unicorn / Scaled Product	★★★★☆ NestJS Go Node.js TypeScript Redis Docker	https://careers.adobe.com/	Not Applied		Watchlist 2026 / Careers Portal	https://www.linkedin.com/company/adobe/	Engineering Lead / SDE-2 Referral / Talent Acquisition	LinkedIn Referral + Careers Page				—		High scale product engineering. Strong DSA + System Design + production NestJS/Go microservices experience.	₹60K-₹110K	8-16 LPA	Bangalore / Hyderabad / Remote	Hybrid / Remote	★★★☆☆ MEDIUM	MSG-GENERAL
AiDash	Software Engineer (Backend / Distributed Systems)	Product-Based (Enterprise & Consumer Tech)	Unicorn / Scaled Product	★★★★☆ NestJS Go Node.js TypeScript Redis Docker	https://www.aidash.com/careers/	Not Applied		Watchlist 2026 / Careers Portal	https://www.linkedin.com/company/aidash/	Engineering Lead / SDE-2 Referral / Talent Acquisition	LinkedIn Referral + Careers Page				—		High scale product engineering. Strong DSA + System Design + production NestJS/Go microservices experience.	₹60K-₹110K	8-16 LPA	Bangalore / Hyderabad / Remote	Hybrid / Remote	★★★☆☆ MEDIUM	MSG-GENERAL
Airbnb	Software Engineer (Backend / Distributed Systems)	Product-Based (Enterprise & Consumer Tech)	Unicorn / Scaled Product	★★★★☆ NestJS Go Node.js TypeScript Redis Docker	https://careers.airbnb.com/	Not Applied		Watchlist 2026 / Careers Portal	https://www.linkedin.com/company/airbnb/	Engineering Lead / SDE-2 Referral / Talent Acquisition	LinkedIn Referral + Careers Page				—		High scale product engineering. Strong DSA + System Design + production NestJS/Go microservices experience.	₹60K-₹110K	8-16 LPA	Bangalore / Hyderabad / Remote	Hybrid / Remote	★★★☆☆ MEDIUM	MSG-GENERAL
Amazon	Software Engineer (Backend / Distributed Systems)	Product-Based (Enterprise & Consumer Tech)	Unicorn / Scaled Product	★★★★☆ NestJS Go Node.js TypeScript Redis Docker	https://www.amazon.jobs/	Not Applied		Watchlist 2026 / Careers Portal	https://www.linkedin.com/company/amazon/	Engineering Lead / SDE-2 Referral / Talent Acquisition	LinkedIn Referral + Careers Page				—		High scale product engineering. Strong DSA + System Design + production NestJS/Go microservices experience.	₹60K-₹110K	8-16 LPA	Bangalore / Hyderabad / Remote	Hybrid / Remote	★★★☆☆ MEDIUM	MSG-GENERAL
Atlys	Software Engineer (Backend / Distributed Systems)	Product-Based (Enterprise & Consumer Tech)	Unicorn / Scaled Product	★★★★☆ NestJS Go Node.js TypeScript Redis Docker	https://www.atlys.com/careers	Not Applied		Watchlist 2026 / Careers Portal	https://www.linkedin.com/company/atlys/	Engineering Lead / SDE-2 Referral / Talent Acquisition	LinkedIn Referral + Careers Page				—		High scale product engineering. Strong DSA + System Design + production NestJS/Go microservices experience.	₹60K-₹110K	8-16 LPA	Bangalore / Hyderabad / Remote	Hybrid / Remote	★★★☆☆ MEDIUM	MSG-GENERAL
BigBasket	SDE I / Backend Engineer (NestJS / Go)	Product-Based (Mobility, Quick-Commerce & Logistics)	Unicorn / Scaled Product	★★★★★ NestJS Uber H3 Redis WebSockets Kafka	https://www.bigbasket.com/careers/	Not Applied		Watchlist 2026 / Careers Portal	https://www.linkedin.com/company/bigbasket-com/	Engineering Lead / SDE-2 Referral / Talent Acquisition	LinkedIn Referral + Careers Page				—		Mobility/Logistics match. Highlight TaxiBy Uber H3 Hexagonal spatial index (<2ms dispatch) and GPS debouncing.	₹45K-₹80K	6-11 LPA	Bangalore / Chennai / Hybrid	Hybrid / Remote	★★★☆☆ MEDIUM	MSG-MOBILITY
Cisco	Software Engineer (Backend / Distributed Systems)	Product-Based (Enterprise & Consumer Tech)	Unicorn / Scaled Product	★★★★☆ NestJS Go Node.js TypeScript Redis Docker	https://jobs.cisco.com/	Not Applied		Watchlist 2026 / Careers Portal	https://www.linkedin.com/company/cisco/	Engineering Lead / SDE-2 Referral / Talent Acquisition	LinkedIn Referral + Careers Page				—		High scale product engineering. Strong DSA + System Design + production NestJS/Go microservices experience.	₹60K-₹110K	8-16 LPA	Bangalore / Hyderabad / Remote	Hybrid / Remote	★★★☆☆ MEDIUM	MSG-GENERAL
ClearFeed	Software Engineer (Backend / Distributed Systems)	Product-Based (Enterprise & Consumer Tech)	Unicorn / Scaled Product	★★★★☆ NestJS Go Node.js TypeScript Redis Docker	https://clearfeed.ai/careers	Not Applied		Watchlist 2026 / Careers Portal	https://www.linkedin.com/company/clearfeed/	Engineering Lead / SDE-2 Referral / Talent Acquisition	LinkedIn Referral + Careers Page				—		High scale product engineering. Strong DSA + System Design + production NestJS/Go microservices experience.	₹60K-₹110K	8-16 LPA	Bangalore / Hyderabad / Remote	Hybrid / Remote	★★★☆☆ MEDIUM	MSG-GENERAL
Cloudflare	Backend / Platform Engineer (Go / Node.js)	Product-Based (Developer Tools & Infra)	Unicorn / Scaled Product	★★★★★ Go Node.js Microservices gRPC Kafka KrakenD	https://www.cloudflare.com/careers/	Not Applied		Watchlist 2026 / Careers Portal	https://www.linkedin.com/company/cloudflare/	Engineering Lead / SDE-2 Referral / Talent Acquisition	LinkedIn Referral + Careers Page				—		DevTools & Infra match. Highlight 11 Go microservices with Kafka Transactional Outbox pattern & KrakenD API Gateway (8k req/s).	₹50K-₹90K	7-14 LPA	Bangalore / Remote	Hybrid / Remote	★★★☆☆ MEDIUM	MSG-GOLANG
Cohesity	Software Engineer (Backend / Distributed Systems)	Product-Based (Enterprise & Consumer Tech)	Unicorn / Scaled Product	★★★★☆ NestJS Go Node.js TypeScript Redis Docker	https://www.cohesity.com/careers/	Not Applied		Watchlist 2026 / Careers Portal	https://www.linkedin.com/company/cohesity/	Engineering Lead / SDE-2 Referral / Talent Acquisition	LinkedIn Referral + Careers Page				—		High scale product engineering. Strong DSA + System Design + production NestJS/Go microservices experience.	₹60K-₹110K	8-16 LPA	Bangalore / Hyderabad / Remote	Hybrid / Remote	★★★☆☆ MEDIUM	MSG-GENERAL
Confluent	Backend / Platform Engineer (Go / Node.js)	Product-Based (Developer Tools & Infra)	Unicorn / Scaled Product	★★★★★ Go Node.js Microservices gRPC Kafka KrakenD	https://www.confluent.io/careers/	Not Applied		Watchlist 2026 / Careers Portal	https://www.linkedin.com/company/confluent/	Engineering Lead / SDE-2 Referral / Talent Acquisition	LinkedIn Referral + Careers Page				—		DevTools & Infra match. Highlight 11 Go microservices with Kafka Transactional Outbox pattern & KrakenD API Gateway (8k req/s).	₹50K-₹90K	7-14 LPA	Bangalore / Remote	Hybrid / Remote	★★★☆☆ MEDIUM	MSG-GOLANG
Datadog	Backend / Platform Engineer (Go / Node.js)	Product-Based (Developer Tools & Infra)	Unicorn / Scaled Product	★★★★★ Go Node.js Microservices gRPC Kafka KrakenD	https://careers.datadoghq.com/	Not Applied		Watchlist 2026 / Careers Portal	https://www.linkedin.com/company/datadog/	Engineering Lead / SDE-2 Referral / Talent Acquisition	LinkedIn Referral + Careers Page				—		DevTools & Infra match. Highlight 11 Go microservices with Kafka Transactional Outbox pattern & KrakenD API Gateway (8k req/s).	₹50K-₹90K	7-14 LPA	Bangalore / Remote	Hybrid / Remote	★★★☆☆ MEDIUM	MSG-GOLANG
Dream11	Software Engineer (Backend / Distributed Systems)	Product-Based (Enterprise & Consumer Tech)	Unicorn / Scaled Product	★★★★☆ NestJS Go Node.js TypeScript Redis Docker	https://www.dreamsports.group/careers/	Not Applied		Watchlist 2026 / Careers Portal	https://www.linkedin.com/company/dream11/	Engineering Lead / SDE-2 Referral / Talent Acquisition	LinkedIn Referral + Careers Page				—		High scale product engineering. Strong DSA + System Design + production NestJS/Go microservices experience.	₹60K-₹110K	8-16 LPA	Bangalore / Hyderabad / Remote	Hybrid / Remote	★★★☆☆ MEDIUM	MSG-GENERAL
Enterpret	Software Engineer (Backend / Distributed Systems)	Product-Based (Enterprise & Consumer Tech)	Unicorn / Scaled Product	★★★★☆ NestJS Go Node.js TypeScript Redis Docker	https://www.enterpret.com/careers	Not Applied		Watchlist 2026 / Careers Portal	https://www.linkedin.com/company/enterpret/	Engineering Lead / SDE-2 Referral / Talent Acquisition	LinkedIn Referral + Careers Page				—		High scale product engineering. Strong DSA + System Design + production NestJS/Go microservices experience.	₹60K-₹110K	8-16 LPA	Bangalore / Hyderabad / Remote	Hybrid / Remote	★★★☆☆ MEDIUM	MSG-GENERAL
Fireflies.ai	Software Engineer (Backend / Distributed Systems)	Product-Based (Enterprise & Consumer Tech)	Unicorn / Scaled Product	★★★★☆ NestJS Go Node.js TypeScript Redis Docker	https://fireflies.ai/careers	Not Applied		Watchlist 2026 / Careers Portal	https://www.linkedin.com/company/fireflies-ai/	Engineering Lead / SDE-2 Referral / Talent Acquisition	LinkedIn Referral + Careers Page				—		High scale product engineering. Strong DSA + System Design + production NestJS/Go microservices experience.	₹60K-₹110K	8-16 LPA	Bangalore / Hyderabad / Remote	Hybrid / Remote	★★★☆☆ MEDIUM	MSG-GENERAL
Games24x7	Software Engineer (Backend / Distributed Systems)	Product-Based (Enterprise & Consumer Tech)	Unicorn / Scaled Product	★★★★☆ NestJS Go Node.js TypeScript Redis Docker	https://www.games24x7.com/careers	Not Applied		Watchlist 2026 / Careers Portal	https://www.linkedin.com/company/games24x7/	Engineering Lead / SDE-2 Referral / Talent Acquisition	LinkedIn Referral + Careers Page				—		High scale product engineering. Strong DSA + System Design + production NestJS/Go microservices experience.	₹60K-₹110K	8-16 LPA	Bangalore / Hyderabad / Remote	Hybrid / Remote	★★★☆☆ MEDIUM	MSG-GENERAL
GitLab	Backend / Platform Engineer (Go / Node.js)	Product-Based (Developer Tools & Infra)	Unicorn / Scaled Product	★★★★★ Go Node.js Microservices gRPC Kafka KrakenD	https://about.gitlab.com/jobs/	Not Applied		Watchlist 2026 / Careers Portal	https://www.linkedin.com/company/gitlab-com/	Engineering Lead / SDE-2 Referral / Talent Acquisition	LinkedIn Referral + Careers Page				—		DevTools & Infra match. Highlight 11 Go microservices with Kafka Transactional Outbox pattern & KrakenD API Gateway (8k req/s).	₹50K-₹90K	7-14 LPA	Bangalore / Remote	Hybrid / Remote	★★★☆☆ MEDIUM	MSG-GOLANG
Gnani.ai	Software Engineer (Backend / Distributed Systems)	Product-Based (Enterprise & Consumer Tech)	Unicorn / Scaled Product	★★★★☆ NestJS Go Node.js TypeScript Redis Docker	https://gnani.ai/careers	Not Applied		Watchlist 2026 / Careers Portal	https://www.linkedin.com/company/gnani-ai/	Engineering Lead / SDE-2 Referral / Talent Acquisition	LinkedIn Referral + Careers Page				—		High scale product engineering. Strong DSA + System Design + production NestJS/Go microservices experience.	₹60K-₹110K	8-16 LPA	Bangalore / Hyderabad / Remote	Hybrid / Remote	★★★☆☆ MEDIUM	MSG-GENERAL
Google	Software Engineer (Backend / Distributed Systems)	Product-Based (Enterprise & Consumer Tech)	Unicorn / Scaled Product	★★★★☆ NestJS Go Node.js TypeScript Redis Docker	https://www.google.com/about/careers/	Not Applied		Watchlist 2026 / Careers Portal	https://www.linkedin.com/company/google/	Engineering Lead / SDE-2 Referral / Talent Acquisition	LinkedIn Referral + Careers Page				—		High scale product engineering. Strong DSA + System Design + production NestJS/Go microservices experience.	₹60K-₹110K	8-16 LPA	Bangalore / Hyderabad / Remote	Hybrid / Remote	★★★☆☆ MEDIUM	MSG-GENERAL
HubSpot	Backend Engineer / SDE I (NestJS / TypeScript)	Product-Based (SaaS, CRM & Cloud Platforms)	Unicorn / Scaled Product	★★★★★ NestJS TypeScript PostgreSQL Prisma AsyncLocalStorage	https://www.hubspot.com/careers	Not Applied		Watchlist 2026 / Careers Portal	https://www.linkedin.com/company/hubspot/	Engineering Lead / SDE-2 Referral / Talent Acquisition	LinkedIn Referral + Careers Page				—		SaaS CRM match. Highlight ProductCRM multi-tenant AsyncLocalStorage isolation & DeepSeek MCP AI Copilot.	₹40K-₹75K	6-10 LPA	Chennai / Bangalore / Remote	Hybrid / Remote	★★★☆☆ MEDIUM	MSG-SAAS
Increff	SDE I / Backend Engineer (NestJS / Go)	Product-Based (Mobility, Quick-Commerce & Logistics)	Unicorn / Scaled Product	★★★★★ NestJS Uber H3 Redis WebSockets Kafka	https://www.increff.com/careers/	Not Applied		Watchlist 2026 / Careers Portal	https://www.linkedin.com/company/increff/	Engineering Lead / SDE-2 Referral / Talent Acquisition	LinkedIn Referral + Careers Page				—		Mobility/Logistics match. Highlight TaxiBy Uber H3 Hexagonal spatial index (<2ms dispatch) and GPS debouncing.	₹45K-₹80K	6-11 LPA	Bangalore / Chennai / Hybrid	Hybrid / Remote	★★★☆☆ MEDIUM	MSG-MOBILITY
Intuit	Software Engineer (Backend / Distributed Systems)	Product-Based (Enterprise & Consumer Tech)	Unicorn / Scaled Product	★★★★☆ NestJS Go Node.js TypeScript Redis Docker	https://www.intuit.com/careers/	Not Applied		Watchlist 2026 / Careers Portal	https://www.linkedin.com/company/intuit/	Engineering Lead / SDE-2 Referral / Talent Acquisition	LinkedIn Referral + Careers Page				—		High scale product engineering. Strong DSA + System Design + production NestJS/Go microservices experience.	₹60K-₹110K	8-16 LPA	Bangalore / Hyderabad / Remote	Hybrid / Remote	★★★☆☆ MEDIUM	MSG-GENERAL
Krutrim	Software Engineer (Backend / Distributed Systems)	Product-Based (Enterprise & Consumer Tech)	Unicorn / Scaled Product	★★★★☆ NestJS Go Node.js TypeScript Redis Docker	https://www.krutrim.ai/careers	Not Applied		Watchlist 2026 / Careers Portal	https://www.linkedin.com/company/krutrim-ai/	Engineering Lead / SDE-2 Referral / Talent Acquisition	LinkedIn Referral + Careers Page				—		High scale product engineering. Strong DSA + System Design + production NestJS/Go microservices experience.	₹60K-₹110K	8-16 LPA	Bangalore / Hyderabad / Remote	Hybrid / Remote	★★★☆☆ MEDIUM	MSG-GENERAL
Lenskart	Software Engineer (Backend / Distributed Systems)	Product-Based (Enterprise & Consumer Tech)	Unicorn / Scaled Product	★★★★☆ NestJS Go Node.js TypeScript Redis Docker	https://www.lenskart.com/careers	Not Applied		Watchlist 2026 / Careers Portal	https://www.linkedin.com/company/lenskart-com/	Engineering Lead / SDE-2 Referral / Talent Acquisition	LinkedIn Referral + Careers Page				—		High scale product engineering. Strong DSA + System Design + production NestJS/Go microservices experience.	₹60K-₹110K	8-16 LPA	Bangalore / Hyderabad / Remote	Hybrid / Remote	★★★☆☆ MEDIUM	MSG-GENERAL
LinkedIn	Software Engineer (Backend / Distributed Systems)	Product-Based (Enterprise & Consumer Tech)	Unicorn / Scaled Product	★★★★☆ NestJS Go Node.js TypeScript Redis Docker	https://www.linkedin.com/jobs/	Not Applied		Watchlist 2026 / Careers Portal	https://www.linkedin.com/company/linkedin/	Engineering Lead / SDE-2 Referral / Talent Acquisition	LinkedIn Referral + Careers Page				—		High scale product engineering. Strong DSA + System Design + production NestJS/Go microservices experience.	₹60K-₹110K	8-16 LPA	Bangalore / Hyderabad / Remote	Hybrid / Remote	★★★☆☆ MEDIUM	MSG-GENERAL
Microsoft	Software Engineer (Backend / Distributed Systems)	Product-Based (Enterprise & Consumer Tech)	Unicorn / Scaled Product	★★★★☆ NestJS Go Node.js TypeScript Redis Docker	https://jobs.careers.microsoft.com/	Not Applied		Watchlist 2026 / Careers Portal	https://www.linkedin.com/company/microsoft/	Engineering Lead / SDE-2 Referral / Talent Acquisition	LinkedIn Referral + Careers Page				—		High scale product engineering. Strong DSA + System Design + production NestJS/Go microservices experience.	₹60K-₹110K	8-16 LPA	Bangalore / Hyderabad / Remote	Hybrid / Remote	★★★☆☆ MEDIUM	MSG-GENERAL
Moglix	Software Engineer (Backend / Distributed Systems)	Product-Based (Enterprise & Consumer Tech)	Unicorn / Scaled Product	★★★★☆ NestJS Go Node.js TypeScript Redis Docker	https://www.moglix.com/careers	Not Applied		Watchlist 2026 / Careers Portal	https://www.linkedin.com/company/moglix/	Engineering Lead / SDE-2 Referral / Talent Acquisition	LinkedIn Referral + Careers Page				—		High scale product engineering. Strong DSA + System Design + production NestJS/Go microservices experience.	₹60K-₹110K	8-16 LPA	Bangalore / Hyderabad / Remote	Hybrid / Remote	★★★☆☆ MEDIUM	MSG-GENERAL
NVIDIA	Software Engineer (Backend / Distributed Systems)	Product-Based (Enterprise & Consumer Tech)	Unicorn / Scaled Product	★★★★☆ NestJS Go Node.js TypeScript Redis Docker	https://www.nvidia.com/en-us/about-nvidia/careers/	Not Applied		Watchlist 2026 / Careers Portal	https://www.linkedin.com/company/nvidia/	Engineering Lead / SDE-2 Referral / Talent Acquisition	LinkedIn Referral + Careers Page				—		High scale product engineering. Strong DSA + System Design + production NestJS/Go microservices experience.	₹60K-₹110K	8-16 LPA	Bangalore / Hyderabad / Remote	Hybrid / Remote	★★★☆☆ MEDIUM	MSG-GENERAL
Navi	Software Engineer - Backend (Go / Node.js)	Product-Based (Fintech & Payments)	Unicorn / Scaled Product	★★★★★ Go Node.js PostgreSQL Redis Kafka	https://www.navi.com/careers/	Not Applied		Watchlist 2026 / Careers Portal	https://www.linkedin.com/company/navitech/	Engineering Lead / SDE-2 Referral / Talent Acquisition	LinkedIn Referral + Careers Page				—		Fintech domain match. Highlight TaxiBy Cashfree double-entry wallet ledger & NestJS/Go microservices.	₹50K-₹85K	7-12 LPA	Bangalore / Chennai / Hybrid	Hybrid / Remote	★★★☆☆ MEDIUM	MSG-FINTECH
Nykaa	Software Engineer (Backend / Distributed Systems)	Product-Based (Enterprise & Consumer Tech)	Unicorn / Scaled Product	★★★★☆ NestJS Go Node.js TypeScript Redis Docker	https://www.nykaa.com/careers	Not Applied		Watchlist 2026 / Careers Portal	https://www.linkedin.com/company/nykaa/	Engineering Lead / SDE-2 Referral / Talent Acquisition	LinkedIn Referral + Careers Page				—		High scale product engineering. Strong DSA + System Design + production NestJS/Go microservices experience.	₹60K-₹110K	8-16 LPA	Bangalore / Hyderabad / Remote	Hybrid / Remote	★★★☆☆ MEDIUM	MSG-GENERAL
OYO	Software Engineer (Backend / Distributed Systems)	Product-Based (Enterprise & Consumer Tech)	Unicorn / Scaled Product	★★★★☆ NestJS Go Node.js TypeScript Redis Docker	https://www.oyorooms.com/careers/	Not Applied		Watchlist 2026 / Careers Portal	https://www.linkedin.com/company/oyo-rooms/	Engineering Lead / SDE-2 Referral / Talent Acquisition	LinkedIn Referral + Careers Page				—		High scale product engineering. Strong DSA + System Design + production NestJS/Go microservices experience.	₹60K-₹110K	8-16 LPA	Bangalore / Hyderabad / Remote	Hybrid / Remote	★★★☆☆ MEDIUM	MSG-GENERAL
Observe.AI	Backend Engineer / SDE I (NestJS / TypeScript)	Product-Based (SaaS, CRM & Cloud Platforms)	Unicorn / Scaled Product	★★★★★ NestJS TypeScript PostgreSQL Prisma AsyncLocalStorage	https://www.observe.ai/careers	Not Applied		Watchlist 2026 / Careers Portal	https://www.linkedin.com/company/observe-ai/	Engineering Lead / SDE-2 Referral / Talent Acquisition	LinkedIn Referral + Careers Page				—		SaaS CRM match. Highlight ProductCRM multi-tenant AsyncLocalStorage isolation & DeepSeek MCP AI Copilot.	₹40K-₹75K	6-10 LPA	Chennai / Bangalore / Remote	Hybrid / Remote	★★★☆☆ MEDIUM	MSG-SAAS
Open Financial Technologies	Software Engineer - Backend (Go / Node.js)	Product-Based (Fintech & Payments)	Unicorn / Scaled Product	★★★★★ Go Node.js PostgreSQL Redis Kafka	https://open.money/careers/	Not Applied		Watchlist 2026 / Careers Portal	https://www.linkedin.com/company/open-financial-technologies/	Engineering Lead / SDE-2 Referral / Talent Acquisition	LinkedIn Referral + Careers Page				—		Fintech domain match. Highlight TaxiBy Cashfree double-entry wallet ledger & NestJS/Go microservices.	₹50K-₹85K	7-12 LPA	Bangalore / Chennai / Hybrid	Hybrid / Remote	★★★☆☆ MEDIUM	MSG-FINTECH
Oracle	Software Engineer (Backend / Distributed Systems)	Product-Based (Enterprise & Consumer Tech)	Unicorn / Scaled Product	★★★★☆ NestJS Go Node.js TypeScript Redis Docker	https://www.oracle.com/careers/	Not Applied		Watchlist 2026 / Careers Portal	https://www.linkedin.com/company/oracle/	Engineering Lead / SDE-2 Referral / Talent Acquisition	LinkedIn Referral + Careers Page				—		High scale product engineering. Strong DSA + System Design + production NestJS/Go microservices experience.	₹60K-₹110K	8-16 LPA	Bangalore / Hyderabad / Remote	Hybrid / Remote	★★★☆☆ MEDIUM	MSG-GENERAL
PayPal	Software Engineer - Backend (Go / Node.js)	Product-Based (Fintech & Payments)	Unicorn / Scaled Product	★★★★★ Go Node.js PostgreSQL Redis Kafka	https://www.paypal.com/us/brc/about-paypal/careers	Not Applied		Watchlist 2026 / Careers Portal	https://www.linkedin.com/company/paypal/	Engineering Lead / SDE-2 Referral / Talent Acquisition	LinkedIn Referral + Careers Page				—		Fintech domain match. Highlight TaxiBy Cashfree double-entry wallet ledger & NestJS/Go microservices.	₹50K-₹85K	7-12 LPA	Bangalore / Chennai / Hybrid	Hybrid / Remote	★★★☆☆ MEDIUM	MSG-FINTECH
PensionBox	Software Engineer - Backend (Go / Node.js)	Product-Based (Fintech & Payments)	Unicorn / Scaled Product	★★★★★ Go Node.js PostgreSQL Redis Kafka	https://pensionbox.in/careers	Not Applied		Watchlist 2026 / Careers Portal	https://www.linkedin.com/company/pensionbox/	Engineering Lead / SDE-2 Referral / Talent Acquisition	LinkedIn Referral + Careers Page				—		Fintech domain match. Highlight TaxiBy Cashfree double-entry wallet ledger & NestJS/Go microservices.	₹50K-₹85K	7-12 LPA	Bangalore / Chennai / Hybrid	Hybrid / Remote	★★★☆☆ MEDIUM	MSG-FINTECH
Pine Labs	Software Engineer - Backend (Go / Node.js)	Product-Based (Fintech & Payments)	Unicorn / Scaled Product	★★★★★ Go Node.js PostgreSQL Redis Kafka	https://www.pinelabs.com/careers	Not Applied		Watchlist 2026 / Careers Portal	https://www.linkedin.com/company/pine-labs/	Engineering Lead / SDE-2 Referral / Talent Acquisition	LinkedIn Referral + Careers Page				—		Fintech domain match. Highlight TaxiBy Cashfree double-entry wallet ledger & NestJS/Go microservices.	₹50K-₹85K	7-12 LPA	Bangalore / Chennai / Hybrid	Hybrid / Remote	★★★☆☆ MEDIUM	MSG-FINTECH
SAP	Software Engineer (Backend / Distributed Systems)	Product-Based (Enterprise & Consumer Tech)	Unicorn / Scaled Product	★★★★☆ NestJS Go Node.js TypeScript Redis Docker	https://www.sap.com/about/careers.html	Not Applied		Watchlist 2026 / Careers Portal	https://www.linkedin.com/company/sap/	Engineering Lead / SDE-2 Referral / Talent Acquisition	LinkedIn Referral + Careers Page				—		High scale product engineering. Strong DSA + System Design + production NestJS/Go microservices experience.	₹60K-₹110K	8-16 LPA	Bangalore / Hyderabad / Remote	Hybrid / Remote	★★★☆☆ MEDIUM	MSG-GENERAL
SaaS Labs	Backend Engineer / SDE I (NestJS / TypeScript)	Product-Based (SaaS, CRM & Cloud Platforms)	Unicorn / Scaled Product	★★★★★ NestJS TypeScript PostgreSQL Prisma AsyncLocalStorage	https://www.saaslabs.co/careers	Not Applied		Watchlist 2026 / Careers Portal	https://www.linkedin.com/company/saas-labs/	Engineering Lead / SDE-2 Referral / Talent Acquisition	LinkedIn Referral + Careers Page				—		SaaS CRM match. Highlight ProductCRM multi-tenant AsyncLocalStorage isolation & DeepSeek MCP AI Copilot.	₹40K-₹75K	6-10 LPA	Chennai / Bangalore / Remote	Hybrid / Remote	★★★☆☆ MEDIUM	MSG-SAAS
Salesforce	Backend Engineer / SDE I (NestJS / TypeScript)	Product-Based (SaaS, CRM & Cloud Platforms)	Unicorn / Scaled Product	★★★★★ NestJS TypeScript PostgreSQL Prisma AsyncLocalStorage	https://careers.salesforce.com/	Not Applied		Watchlist 2026 / Careers Portal	https://www.linkedin.com/company/salesforce/	Engineering Lead / SDE-2 Referral / Talent Acquisition	LinkedIn Referral + Careers Page				—		SaaS CRM match. Highlight ProductCRM multi-tenant AsyncLocalStorage isolation & DeepSeek MCP AI Copilot.	₹40K-₹75K	6-10 LPA	Chennai / Bangalore / Remote	Hybrid / Remote	★★★☆☆ MEDIUM	MSG-SAAS
Sarvam AI	Software Engineer (Backend / Distributed Systems)	Product-Based (Enterprise & Consumer Tech)	Unicorn / Scaled Product	★★★★☆ NestJS Go Node.js TypeScript Redis Docker	https://www.sarvam.ai/careers	Not Applied		Watchlist 2026 / Careers Portal	https://www.linkedin.com/company/sarvam-ai/	Engineering Lead / SDE-2 Referral / Talent Acquisition	LinkedIn Referral + Careers Page				—		High scale product engineering. Strong DSA + System Design + production NestJS/Go microservices experience.	₹60K-₹110K	8-16 LPA	Bangalore / Hyderabad / Remote	Hybrid / Remote	★★★☆☆ MEDIUM	MSG-GENERAL
ServiceNow	Backend Engineer / SDE I (NestJS / TypeScript)	Product-Based (SaaS, CRM & Cloud Platforms)	Unicorn / Scaled Product	★★★★★ NestJS TypeScript PostgreSQL Prisma AsyncLocalStorage	https://careers.servicenow.com/	Not Applied		Watchlist 2026 / Careers Portal	https://www.linkedin.com/company/servicenow/	Engineering Lead / SDE-2 Referral / Talent Acquisition	LinkedIn Referral + Careers Page				—		SaaS CRM match. Highlight ProductCRM multi-tenant AsyncLocalStorage isolation & DeepSeek MCP AI Copilot.	₹40K-₹75K	6-10 LPA	Chennai / Bangalore / Remote	Hybrid / Remote	★★★☆☆ MEDIUM	MSG-SAAS
Spotify	Software Engineer (Backend / Distributed Systems)	Product-Based (Enterprise & Consumer Tech)	Unicorn / Scaled Product	★★★★☆ NestJS Go Node.js TypeScript Redis Docker	https://www.lifeatspotify.com/jobs	Not Applied		Watchlist 2026 / Careers Portal	https://www.linkedin.com/company/spotify/	Engineering Lead / SDE-2 Referral / Talent Acquisition	LinkedIn Referral + Careers Page				—		High scale product engineering. Strong DSA + System Design + production NestJS/Go microservices experience.	₹60K-₹110K	8-16 LPA	Bangalore / Hyderabad / Remote	Hybrid / Remote	★★★☆☆ MEDIUM	MSG-GENERAL
Tata 1mg	Software Engineer (Backend / Distributed Systems)	Product-Based (Enterprise & Consumer Tech)	Unicorn / Scaled Product	★★★★☆ NestJS Go Node.js TypeScript Redis Docker	https://www.1mg.com/jobs	Not Applied		Watchlist 2026 / Careers Portal	https://www.linkedin.com/company/tata-1mg/	Engineering Lead / SDE-2 Referral / Talent Acquisition	LinkedIn Referral + Careers Page				—		High scale product engineering. Strong DSA + System Design + production NestJS/Go microservices experience.	₹60K-₹110K	8-16 LPA	Bangalore / Hyderabad / Remote	Hybrid / Remote	★★★☆☆ MEDIUM	MSG-GENERAL
Twid	Software Engineer - Backend (Go / Node.js)	Product-Based (Fintech & Payments)	Unicorn / Scaled Product	★★★★★ Go Node.js PostgreSQL Redis Kafka	https://www.twidpay.com/careers	Not Applied		Watchlist 2026 / Careers Portal	https://www.linkedin.com/company/twid/	Engineering Lead / SDE-2 Referral / Talent Acquisition	LinkedIn Referral + Careers Page				—		Fintech domain match. Highlight TaxiBy Cashfree double-entry wallet ledger & NestJS/Go microservices.	₹50K-₹85K	7-12 LPA	Bangalore / Chennai / Hybrid	Hybrid / Remote	★★★☆☆ MEDIUM	MSG-FINTECH
Twilio	Software Engineer (Backend / Distributed Systems)	Product-Based (Enterprise & Consumer Tech)	Unicorn / Scaled Product	★★★★☆ NestJS Go Node.js TypeScript Redis Docker	https://www.twilio.com/en-us/company/jobs	Not Applied		Watchlist 2026 / Careers Portal	https://www.linkedin.com/company/twilio/	Engineering Lead / SDE-2 Referral / Talent Acquisition	LinkedIn Referral + Careers Page				—		High scale product engineering. Strong DSA + System Design + production NestJS/Go microservices experience.	₹60K-₹110K	8-16 LPA	Bangalore / Hyderabad / Remote	Hybrid / Remote	★★★☆☆ MEDIUM	MSG-GENERAL
Uber	SDE I / Backend Engineer (NestJS / Go)	Product-Based (Mobility, Quick-Commerce & Logistics)	Unicorn / Scaled Product	★★★★★ NestJS Uber H3 Redis WebSockets Kafka	https://www.uber.com/us/en/careers/	Not Applied		Watchlist 2026 / Careers Portal	https://www.linkedin.com/company/uber-com/	Engineering Lead / SDE-2 Referral / Talent Acquisition	LinkedIn Referral + Careers Page				—		Mobility/Logistics match. Highlight TaxiBy Uber H3 Hexagonal spatial index (<2ms dispatch) and GPS debouncing.	₹45K-₹80K	6-11 LPA	Bangalore / Chennai / Hybrid	Hybrid / Remote	★★★☆☆ MEDIUM	MSG-MOBILITY
Unacademy	Software Engineer (Backend / Distributed Systems)	Product-Based (Enterprise & Consumer Tech)	Unicorn / Scaled Product	★★★★☆ NestJS Go Node.js TypeScript Redis Docker	https://unacademy.com/careers/	Not Applied		Watchlist 2026 / Careers Portal	https://www.linkedin.com/company/unacademy/	Engineering Lead / SDE-2 Referral / Talent Acquisition	LinkedIn Referral + Careers Page				—		High scale product engineering. Strong DSA + System Design + production NestJS/Go microservices experience.	₹60K-₹110K	8-16 LPA	Bangalore / Hyderabad / Remote	Hybrid / Remote	★★★☆☆ MEDIUM	MSG-GENERAL
Uniphore	Backend Engineer / SDE I (NestJS / TypeScript)	Product-Based (SaaS, CRM & Cloud Platforms)	Unicorn / Scaled Product	★★★★★ NestJS TypeScript PostgreSQL Prisma AsyncLocalStorage	https://www.uniphore.com/careers/	Not Applied		Watchlist 2026 / Careers Portal	https://www.linkedin.com/company/uniphore/	Engineering Lead / SDE-2 Referral / Talent Acquisition	LinkedIn Referral + Careers Page				—		SaaS CRM match. Highlight ProductCRM multi-tenant AsyncLocalStorage isolation & DeepSeek MCP AI Copilot.	₹40K-₹75K	6-10 LPA	Chennai / Bangalore / Remote	Hybrid / Remote	★★★☆☆ MEDIUM	MSG-SAAS
Vymo	Backend Engineer / SDE I (NestJS / TypeScript)	Product-Based (SaaS, CRM & Cloud Platforms)	Unicorn / Scaled Product	★★★★★ NestJS TypeScript PostgreSQL Prisma AsyncLocalStorage	https://getvymo.com/careers/	Not Applied		Watchlist 2026 / Careers Portal	https://www.linkedin.com/company/vymo/	Engineering Lead / SDE-2 Referral / Talent Acquisition	LinkedIn Referral + Careers Page				—		SaaS CRM match. Highlight ProductCRM multi-tenant AsyncLocalStorage isolation & DeepSeek MCP AI Copilot.	₹40K-₹75K	6-10 LPA	Chennai / Bangalore / Remote	Hybrid / Remote	★★★☆☆ MEDIUM	MSG-SAAS
Walmart Global Tech	Software Engineer (Backend / Distributed Systems)	Product-Based (Enterprise & Consumer Tech)	Unicorn / Scaled Product	★★★★☆ NestJS Go Node.js TypeScript Redis Docker	https://careers.walmart.com/	Not Applied		Watchlist 2026 / Careers Portal	https://www.linkedin.com/company/walmart/	Engineering Lead / SDE-2 Referral / Talent Acquisition	LinkedIn Referral + Careers Page				—		High scale product engineering. Strong DSA + System Design + production NestJS/Go microservices experience.	₹60K-₹110K	8-16 LPA	Bangalore / Hyderabad / Remote	Hybrid / Remote	★★★☆☆ MEDIUM	MSG-GENERAL
WayCool	SDE I / Backend Engineer (NestJS / Go)	Product-Based (Mobility, Quick-Commerce & Logistics)	Unicorn / Scaled Product	★★★★★ NestJS Uber H3 Redis WebSockets Kafka	https://waycool.in/careers/	Not Applied		Watchlist 2026 / Careers Portal	https://www.linkedin.com/company/waycool/	Engineering Lead / SDE-2 Referral / Talent Acquisition	LinkedIn Referral + Careers Page				—		Mobility/Logistics match. Highlight TaxiBy Uber H3 Hexagonal spatial index (<2ms dispatch) and GPS debouncing.	₹45K-₹80K	6-11 LPA	Bangalore / Chennai / Hybrid	Hybrid / Remote	★★★☆☆ MEDIUM	MSG-MOBILITY
Zolve	Software Engineer - Backend (Go / Node.js)	Product-Based (Fintech & Payments)	Unicorn / Scaled Product	★★★★★ Go Node.js PostgreSQL Redis Kafka	https://www.zolve.com/careers	Not Applied		Watchlist 2026 / Careers Portal	https://www.linkedin.com/company/zolve/	Engineering Lead / SDE-2 Referral / Talent Acquisition	LinkedIn Referral + Careers Page				—		Fintech domain match. Highlight TaxiBy Cashfree double-entry wallet ledger & NestJS/Go microservices.	₹50K-₹85K	7-12 LPA	Bangalore / Chennai / Hybrid	Hybrid / Remote	★★★☆☆ MEDIUM	MSG-FINTECH
smallcase	Software Engineer - Backend (Go / Node.js)	Product-Based (Fintech & Payments)	Unicorn / Scaled Product	★★★★★ Go Node.js PostgreSQL Redis Kafka	https://www.smallcase.com/careers	Not Applied		Watchlist 2026 / Careers Portal	https://www.linkedin.com/company/smallcase/	Engineering Lead / SDE-2 Referral / Talent Acquisition	LinkedIn Referral + Careers Page				—		Fintech domain match. Highlight TaxiBy Cashfree double-entry wallet ledger & NestJS/Go microservices.	₹50K-₹85K	7-12 LPA	Bangalore / Chennai / Hybrid	Hybrid / Remote	★★★☆☆ MEDIUM	MSG-FINTECH
