Company,Company Type,Stack Match,Job Title,Job URL,Careers Page,LinkedIn,Applied Status,Scraped Date
GoKwik,Product,★★★★★,Check careers page manually,https://gokwik.co/careers,https://gokwik.co/careers,https://www.linkedin.com/company/gokwik/,Not Applied,23/9/2026
Yellow.ai,Product,★★★★★,Check careers page manually,https://yellow.ai/careers/,https://yellow.ai/careers/,https://www.linkedin.com/company/yellowdotai/,Not Applied,23/9/2026
CleverTap,Product,★★★★★,Relevant roles detected — check careers page,https://clevertap.com/careers/,https://clevertap.com/careers/,https://www.linkedin.com/company/clevertap/,Not Applied,23/9/2026
Chargebee,Product,★★★★,Go From Zero to One Million in ARRSet up billing that holds through your first revenue milestones,https://www.chargebee.com/solutions/usecases/zero-to-one-million-ARR-journey/,https://www.chargebee.com/careers/,https://www.linkedin.com/company/chargebee/,Not Applied,23/9/2026
Chargebee,Product,★★★★,"API Quickstart TutorialLearn the Chargebee API, best practices and more",https://www.chargebee.com/tutorials/quickstart/,https://www.chargebee.com/careers/,https://www.linkedin.com/company/chargebee/,Not Applied,23/9/2026
Chargebee,Product,★★★★,API Reference Doc,https://apidocs.chargebee.com/docs/api/,https://www.chargebee.com/careers/,https://www.linkedin.com/company/chargebee/,Not Applied,23/9/2026
Freshworks,Product,★★★★,Check careers page manually,https://www.freshworks.com/careers/,https://www.freshworks.com/careers/,https://www.linkedin.com/company/freshworks/,Not Applied,23/9/2026
Hasura,Product,★★★★★,Check careers page manually,https://hasura.io/careers/,https://hasura.io/careers/,https://www.linkedin.com/company/hasura/,Not Applied,23/9/2026
Postman,Product,★★★★,API Catalog,https://www.postman.com/product/api-catalog/,https://www.postman.com/company/careers,https://www.linkedin.com/company/postman-platform/,Not Applied,23/9/2026
Razorpay,Product,★★★★,Relevant roles detected — check careers page,https://razorpay.com/jobs/,https://razorpay.com/jobs/,https://www.linkedin.com/company/razorpay/,Not Applied,23/9/2026
Juspay,Product,★★★★,Relevant roles detected — check careers page,https://juspay.io/careers,https://juspay.io/careers,https://www.linkedin.com/company/juspay/,Not Applied,23/9/2026
Simpl,Product,★★★★★,Check careers page manually,https://getsimpl.com/careers,https://getsimpl.com/careers,https://www.linkedin.com/company/getsimpl/,Not Applied,23/9/2026
Hevo Data,Product,★★★★,"SDE III Bengaluru, India Apply Here",https://hevodata.com/careers/,https://hevodata.com/careers/,https://www.linkedin.com/company/hevo-data/,Not Applied,23/9/2026
Hevo Data,Product,★★★★,SDE III,https://hevodata.com/careers/,https://hevodata.com/careers/,https://www.linkedin.com/company/hevo-data/,Not Applied,23/9/2026
Hevo Data,Product,★★★★,"Associate SDE Bengaluru, India Apply Here",https://hevodata.com/careers/,https://hevodata.com/careers/,https://www.linkedin.com/company/hevo-data/,Not Applied,23/9/2026
Hevo Data,Product,★★★★,Associate SDE,https://hevodata.com/careers/,https://hevodata.com/careers/,https://www.linkedin.com/company/hevo-data/,Not Applied,23/9/2026
Hevo Data,Product,★★★★,"SDE II Bengaluru, India Apply Here",https://hevodata.com/careers/,https://hevodata.com/careers/,https://www.linkedin.com/company/hevo-data/,Not Applied,23/9/2026
Hevo Data,Product,★★★★,SDE II,https://hevodata.com/careers/,https://hevodata.com/careers/,https://www.linkedin.com/company/hevo-data/,Not Applied,23/9/2026
Hevo Data,Product,★★★★,"SDE I Bengaluru, India Apply Here",https://hevodata.com/careers/,https://hevodata.com/careers/,https://www.linkedin.com/company/hevo-data/,Not Applied,23/9/2026
Hevo Data,Product,★★★★,"Associate Software Development Engineer (SDE) Bengaluru, India Apply Here",https://hevodata.com/careers/,https://hevodata.com/careers/,https://www.linkedin.com/company/hevo-data/,Not Applied,23/9/2026
Hevo Data,Product,★★★★,Associate Software Development Engineer (SDE),https://hevodata.com/careers/,https://hevodata.com/careers/,https://www.linkedin.com/company/hevo-data/,Not Applied,23/9/2026
Hevo Data,Product,★★★★,"SDE II - UI Bengaluru, India Apply Here",https://hevodata.com/careers/,https://hevodata.com/careers/,https://www.linkedin.com/company/hevo-data/,Not Applied,23/9/2026
Groww,Product,★★★★,Relevant roles detected — check careers page,https://groww.in/careers,https://groww.in/careers,https://www.linkedin.com/company/groww/,Not Applied,23/9/2026
Locus.sh,Product,★★★★,API Reference Docs,https://locus.sh/resources/api-references/,https://locus.sh/careers,https://www.linkedin.com/company/locus-sh/,Not Applied,23/9/2026
Wingify,Product,★★★★,Relevant roles detected — check careers page,https://wingify.com/careers/,https://wingify.com/careers/,https://www.linkedin.com/company/wingify/,Not Applied,23/9/2026
LeadSquared,Product,★★★★★,Check careers page manually,https://www.leadsquared.com/careers/,https://www.leadsquared.com/careers/,https://www.linkedin.com/company/leadsquared/,Not Applied,23/9/2026
Fynd,Product,★★★★★,Check careers page manually,https://fynd.keka.com/careers/,https://fynd.keka.com/careers/,https://www.linkedin.com/company/fynd/,Not Applied,23/9/2026
Shiprocket,Product,★★★★,Check careers page manually,https://www.shiprocket.in/careers/,https://www.shiprocket.in/careers/,https://www.linkedin.com/company/shiprocket/,Not Applied,23/9/2026
Sarvam AI,Product,★★★★,"GTM & Strategy, Model APIBengaluruFull TimeOn-Site",https://sarvam.ai/careers/jobs/2fd59d81-b766-4f54-85b3-d0eae08dbfc0,https://sarvam.ai/careers,https://www.linkedin.com/company/sarvam-ai/,Not Applied,23/9/2026
Sarvam AI,Product,★★★★,"Backend Engineer, ChanakyaBengaluruFull TimeOn-Site",https://sarvam.ai/careers/jobs/86ae80f8-b7eb-43a4-afde-fef58e77e23e,https://sarvam.ai/careers,https://www.linkedin.com/company/sarvam-ai/,Not Applied,23/9/2026
Sarvam AI,Product,★★★★,Backend Engineer - Studio Media PlatformBengaluruFull TimeOn-Site,https://sarvam.ai/careers/jobs/b07dfd8a-208d-43c1-a811-f1c447df26f9,https://sarvam.ai/careers,https://www.linkedin.com/company/sarvam-ai/,Not Applied,23/9/2026
Sarvam AI,Product,★★★★,"Senior Backend Engineer, Vision BengaluruFull TimeOn-Site",https://sarvam.ai/careers/jobs/3652221b-d408-486b-9ad1-ab073aaf1071,https://sarvam.ai/careers,https://www.linkedin.com/company/sarvam-ai/,Not Applied,23/9/2026
Sarvam AI,Product,★★★★,"Staff Engineer, API PlatformBengaluruFull TimeOn-Site",https://sarvam.ai/careers/jobs/48b2c236-a7e7-475d-b98b-4eb942e85dc7,https://sarvam.ai/careers,https://www.linkedin.com/company/sarvam-ai/,Not Applied,23/9/2026
Sarvam AI,Product,★★★★,Staff Software Engineer - FrontendBengaluruFull TimeOn-Site,https://sarvam.ai/careers/jobs/b60ac66f-a2d7-4354-b67a-aa0de5ad7e3e,https://sarvam.ai/careers,https://www.linkedin.com/company/sarvam-ai/,Not Applied,23/9/2026
Sarvam AI,Product,★★★★,Platform Engineer - AI InfrastructureBengaluruFull TimeOn-Site,https://sarvam.ai/careers/jobs/fcb15601-6440-41f7-aa79-b9992057a4b2,https://sarvam.ai/careers,https://www.linkedin.com/company/sarvam-ai/,Not Applied,23/9/2026
Sarvam AI,Product,★★★★,"Product Marketing Manager, Model APIBengaluruFull TimeOn-Site",https://sarvam.ai/careers/jobs/bd5d2769-7dc3-47c5-9afb-c011b6d22c19,https://sarvam.ai/careers,https://www.linkedin.com/company/sarvam-ai/,Not Applied,23/9/2026
Sarvam AI,Product,★★★★,"Product Manager, Model APIsBengaluruFull TimeOn-Site",https://sarvam.ai/careers/jobs/45986600-4da3-4e46-a204-2865392df169,https://sarvam.ai/careers,https://www.linkedin.com/company/sarvam-ai/,Not Applied,23/9/2026
Sarvam AI,Product,★★★★,API Pricing,https://sarvam.ai/api-pricing,https://sarvam.ai/careers,https://www.linkedin.com/company/sarvam-ai/,Not Applied,23/9/2026
Zetwerk,Product,★★★★,Capital Goods,https://www.zetwerk.com/capital-goods/,https://www.zetwerk.com/careers/,https://www.linkedin.com/company/zetwerk/,Not Applied,23/9/2026
Capillary Technologies,Product,★★★★,Check careers page manually,https://www.capillarytech.com/careers/,https://www.capillarytech.com/careers/,https://www.linkedin.com/company/capillary-technologies/,Not Applied,23/9/2026
MoEngage,Product,★★★,API Guide,https://www.moengage.com/docs/api/introduction,https://www.moengage.com/careers/,https://www.linkedin.com/company/moengage/,Not Applied,23/9/2026
Rocketlane,Product,★★★,Check careers page manually,https://rocketlane.freshteam.com/jobs,https://rocketlane.freshteam.com/jobs,https://www.linkedin.com/company/rocketlane/,Not Applied,23/9/2026
Mindtickle,Product,★★★★,"Software Engineer, Business SystemsHybrid — Pune, Maharashtra",https://jobs.lever.co/mindtickle/b6e024c2-42c2-463c-8bc8-ca0aa0826845,https://www.mindtickle.com/careers/,https://www.linkedin.com/company/mindtickle/,Not Applied,23/9/2026
NoBroker,Product,★★★,Check careers page manually,https://www.nobroker.in/careers,https://www.nobroker.in/careers,https://www.linkedin.com/company/nobroker/,Not Applied,23/9/2026
BrowserStack,Product,★★★,Relevant roles detected — check careers page,https://www.browserstack.com/careers,https://www.browserstack.com/careers,https://www.linkedin.com/company/browserstack/,Not Applied,23/9/2026
Zoho,Product,★★★★,Relevant roles detected — check careers page,https://careers.zohocorp.com/,https://careers.zohocorp.com/,https://www.linkedin.com/company/zoho/,Not Applied,23/9/2026
Dukaan,Product,★★★★,Relevant roles detected — check careers page,https://mydukaan.io/careers,https://mydukaan.io/careers,https://www.linkedin.com/company/mydukaan/,Not Applied,23/9/2026
Skit.ai,Product,★★★,Relevant roles detected — check careers page,https://skit.ai/careers,https://skit.ai/careers,https://www.linkedin.com/company/skit-ai/,Not Applied,23/9/2026
